<?xml version="1.0" encoding="UTF-8"?>
<export version="E">
  <design>
    <source>C:\Users\sodoz\school\2025\eee3088\Power subsystem\PowerSchematic.kicad_sch</source>
    <date>15 Apr 2025 19:42:55</date>
    <tool>Eeschema (7.0.0)</tool>
    <sheet number="1" name="/" tstamps="/">
      <title_block>
        <title>Power Circuit Schematic</title>
        <company>EEE3088F</company>
        <rev>3</rev>
        <date>2025-03-28</date>
        <source>PowerSchematic.kicad_sch</source>
        <comment number="1" value="Group: 11"/>
        <comment number="2" value="Author: Liyabona Sodoza &amp; Thabo Chego"/>
        <comment number="3" value=""/>
        <comment number="4" value=""/>
        <comment number="5" value=""/>
        <comment number="6" value=""/>
        <comment number="7" value=""/>
        <comment number="8" value=""/>
        <comment number="9" value=""/>
      </title_block>
    </sheet>
  </design>
  <components>
    <comp ref="C1">
      <value>10u</value>
      <footprint>Capacitor_SMD:C_0603_1608Metric</footprint>
      <libsource lib="Device" part="C_Small" description="Unpolarized capacitor, small symbol"/>
      <property name="Sheetname" value=""/>
      <property name="Sheetfile" value="PowerSchematic.kicad_sch"/>
      <property name="ki_description" value="Unpolarized capacitor, small symbol"/>
      <property name="ki_keywords" value="capacitor cap"/>
      <sheetpath names="/" tstamps="/"/>
      <tstamps>6f66f541-07b1-4272-babe-dc4ffcc756d5</tstamps>
    </comp>
    <comp ref="C2">
      <value>2.2uF</value>
      <footprint>Capacitor_SMD:C_0603_1608Metric</footprint>
      <libsource lib="Device" part="C_Small" description="Unpolarized capacitor, small symbol"/>
      <property name="Sheetname" value=""/>
      <property name="Sheetfile" value="PowerSchematic.kicad_sch"/>
      <property name="ki_description" value="Unpolarized capacitor, small symbol"/>
      <property name="ki_keywords" value="capacitor cap"/>
      <sheetpath names="/" tstamps="/"/>
      <tstamps>6d43902a-4605-4dd5-a1c2-1d49522e52cc</tstamps>
    </comp>
    <comp ref="C3">
      <value>100nF</value>
      <footprint>Capacitor_SMD:C_0603_1608Metric</footprint>
      <libsource lib="Device" part="C_Small" description="Unpolarized capacitor, small symbol"/>
      <property name="Sheetname" value=""/>
      <property name="Sheetfile" value="PowerSchematic.kicad_sch"/>
      <property name="ki_description" value="Unpolarized capacitor, small symbol"/>
      <property name="ki_keywords" value="capacitor cap"/>
      <sheetpath names="/" tstamps="/"/>
      <tstamps>e22c4af9-07bc-47e5-9933-4672fe449dac</tstamps>
    </comp>
    <comp ref="C4">
      <value>10uF</value>
      <footprint>Capacitor_SMD:C_0603_1608Metric</footprint>
      <libsource lib="Device" part="C_Small" description="Unpolarized capacitor, small symbol"/>
      <property name="Sheetname" value=""/>
      <property name="Sheetfile" value="PowerSchematic.kicad_sch"/>
      <property name="ki_description" value="Unpolarized capacitor, small symbol"/>
      <property name="ki_keywords" value="capacitor cap"/>
      <sheetpath names="/" tstamps="/"/>
      <tstamps>26d2af13-0c93-45c7-8cdb-509afc561bec</tstamps>
    </comp>
    <comp ref="C5">
      <value>10uF</value>
      <footprint>Capacitor_SMD:CP_Elec_4x3</footprint>
      <libsource lib="Device" part="C_Polarized" description="Polarized capacitor"/>
      <property name="Sheetname" value=""/>
      <property name="Sheetfile" value="PowerSchematic.kicad_sch"/>
      <property name="ki_description" value="Polarized capacitor"/>
      <property name="ki_keywords" value="cap capacitor"/>
      <sheetpath names="/" tstamps="/"/>
      <tstamps>7047e588-c045-4514-8b3c-dc9d026efe64</tstamps>
    </comp>
    <comp ref="C6">
      <value>0.01uF</value>
      <footprint>Capacitor_SMD:CP_Elec_4x3</footprint>
      <libsource lib="Device" part="C_Polarized" description="Polarized capacitor"/>
      <property name="Sheetname" value=""/>
      <property name="Sheetfile" value="PowerSchematic.kicad_sch"/>
      <property name="ki_description" value="Polarized capacitor"/>
      <property name="ki_keywords" value="cap capacitor"/>
      <sheetpath names="/" tstamps="/"/>
      <tstamps>32d36e2a-ab9e-4f4c-8735-74ffa52c7ff4</tstamps>
    </comp>
    <comp ref="C7">
      <value>10u</value>
      <footprint>Capacitor_SMD:C_0603_1608Metric</footprint>
      <libsource lib="Device" part="C" description="Unpolarized capacitor"/>
      <property name="Sheetname" value=""/>
      <property name="Sheetfile" value="PowerSchematic.kicad_sch"/>
      <property name="ki_description" value="Unpolarized capacitor"/>
      <property name="ki_keywords" value="cap capacitor"/>
      <sheetpath names="/" tstamps="/"/>
      <tstamps>a13e2580-62b7-4e06-8d1d-56bb21dfd8ae</tstamps>
    </comp>
    <comp ref="C8">
      <value>22u</value>
      <footprint>Capacitor_SMD:C_0603_1608Metric</footprint>
      <libsource lib="Device" part="C" description="Unpolarized capacitor"/>
      <property name="Sheetname" value=""/>
      <property name="Sheetfile" value="PowerSchematic.kicad_sch"/>
      <property name="ki_description" value="Unpolarized capacitor"/>
      <property name="ki_keywords" value="cap capacitor"/>
      <sheetpath names="/" tstamps="/"/>
      <tstamps>173c95a8-6c49-493b-86c1-910846b08d51</tstamps>
    </comp>
    <comp ref="C9">
      <value>1u</value>
      <footprint>Capacitor_SMD:C_0603_1608Metric</footprint>
      <libsource lib="Device" part="C" description="Unpolarized capacitor"/>
      <property name="Sheetname" value=""/>
      <property name="Sheetfile" value="PowerSchematic.kicad_sch"/>
      <property name="ki_description" value="Unpolarized capacitor"/>
      <property name="ki_keywords" value="cap capacitor"/>
      <sheetpath names="/" tstamps="/"/>
      <tstamps>cf295048-c341-405a-8178-b4a988d8a78b</tstamps>
    </comp>
    <comp ref="C10">
      <value>1u</value>
      <footprint>Capacitor_SMD:C_0603_1608Metric</footprint>
      <libsource lib="Device" part="C" description="Unpolarized capacitor"/>
      <property name="Sheetname" value=""/>
      <property name="Sheetfile" value="PowerSchematic.kicad_sch"/>
      <property name="ki_description" value="Unpolarized capacitor"/>
      <property name="ki_keywords" value="cap capacitor"/>
      <sheetpath names="/" tstamps="/"/>
      <tstamps>627a4f26-1d8d-46c2-a739-84dcea6f0195</tstamps>
    </comp>
    <comp ref="C11">
      <value>0.01uF</value>
      <footprint>Capacitor_SMD:CP_Elec_4x3</footprint>
      <libsource lib="Device" part="C_Polarized" description="Polarized capacitor"/>
      <property name="Sheetname" value=""/>
      <property name="Sheetfile" value="PowerSchematic.kicad_sch"/>
      <property name="ki_description" value="Polarized capacitor"/>
      <property name="ki_keywords" value="cap capacitor"/>
      <sheetpath names="/" tstamps="/"/>
      <tstamps>c6a7b04d-032f-48e7-9816-c44f850419f8</tstamps>
    </comp>
    <comp ref="C12">
      <value>2.2uF</value>
      <footprint>Capacitor_SMD:C_0603_1608Metric</footprint>
      <libsource lib="Device" part="C_Small" description="Unpolarized capacitor, small symbol"/>
      <property name="Sheetname" value=""/>
      <property name="Sheetfile" value="PowerSchematic.kicad_sch"/>
      <property name="ki_description" value="Unpolarized capacitor, small symbol"/>
      <property name="ki_keywords" value="capacitor cap"/>
      <sheetpath names="/" tstamps="/"/>
      <tstamps>7d632740-4abc-43aa-8d42-ae3e820a89e9</tstamps>
    </comp>
    <comp ref="C13">
      <value>10uF</value>
      <footprint>Capacitor_SMD:C_0603_1608Metric</footprint>
      <libsource lib="Device" part="C_Polarized" description="Polarized capacitor"/>
      <property name="Sheetname" value=""/>
      <property name="Sheetfile" value="PowerSchematic.kicad_sch"/>
      <property name="ki_description" value="Polarized capacitor"/>
      <property name="ki_keywords" value="cap capacitor"/>
      <sheetpath names="/" tstamps="/"/>
      <tstamps>3cc7189b-8a64-4429-b2de-91c9c53d13be</tstamps>
    </comp>
    <comp ref="C14">
      <value>0.1u</value>
      <footprint>Capacitor_SMD:C_0603_1608Metric</footprint>
      <libsource lib="Device" part="C_Small" description="Unpolarized capacitor, small symbol"/>
      <property name="Sheetname" value=""/>
      <property name="Sheetfile" value="PowerSchematic.kicad_sch"/>
      <property name="ki_description" value="Unpolarized capacitor, small symbol"/>
      <property name="ki_keywords" value="capacitor cap"/>
      <sheetpath names="/" tstamps="/"/>
      <tstamps>649e2162-e5ca-48b0-9927-4fa5b89cb7b3</tstamps>
    </comp>
    <comp ref="D9">
      <value>D_Schottky</value>
      <footprint>Diode_SMD:D_2114_3652Metric</footprint>
      <libsource lib="Device" part="D_Schottky" description="Schottky diode"/>
      <property name="Sheetname" value=""/>
      <property name="Sheetfile" value="PowerSchematic.kicad_sch"/>
      <property name="ki_description" value="Schottky diode"/>
      <property name="ki_keywords" value="diode Schottky"/>
      <sheetpath names="/" tstamps="/"/>
      <tstamps>b2adfcd2-b794-44c0-a8c2-3f6ac515dad4</tstamps>
    </comp>
    <comp ref="GREEN1">
      <value>LED</value>
      <footprint>LED_SMD:LED_0201_0603Metric</footprint>
      <libsource lib="Device" part="LED" description="Light emitting diode"/>
      <property name="Sheetname" value=""/>
      <property name="Sheetfile" value="PowerSchematic.kicad_sch"/>
      <property name="ki_description" value="Light emitting diode"/>
      <property name="ki_keywords" value="LED diode"/>
      <sheetpath names="/" tstamps="/"/>
      <tstamps>045b4ecf-bec0-43fe-8fff-156feef1defb</tstamps>
    </comp>
    <comp ref="J1">
      <value>USB_C_Receptacle</value>
      <footprint>Connector_USB:USB_C_Receptacle_Amphenol_12401610E4-2A</footprint>
      <datasheet>https://www.usb.org/sites/default/files/documents/usb_type-c.zip</datasheet>
      <libsource lib="Connector" part="USB_C_Receptacle" description="USB Full-Featured Type-C Receptacle connector"/>
      <property name="Sheetname" value=""/>
      <property name="Sheetfile" value="PowerSchematic.kicad_sch"/>
      <property name="ki_description" value="USB Full-Featured Type-C Receptacle connector"/>
      <property name="ki_keywords" value="usb universal serial bus type-C full-featured"/>
      <sheetpath names="/" tstamps="/"/>
      <tstamps>441c536c-1f3f-4d1c-8b61-60b0751634b1</tstamps>
    </comp>
    <comp ref="J2">
      <value>Battery</value>
      <footprint>Connector_JST:JST_PH_B2B-PH-K_1x02_P2.00mm_Vertical</footprint>
      <libsource lib="Connector" part="Conn_01x02_Pin" description="Generic connector, single row, 01x02, script generated"/>
      <property name="Sheetname" value=""/>
      <property name="Sheetfile" value="PowerSchematic.kicad_sch"/>
      <property name="ki_description" value="Generic connector, single row, 01x02, script generated"/>
      <property name="ki_keywords" value="connector"/>
      <sheetpath names="/" tstamps="/"/>
      <tstamps>04246ad9-f085-4d2a-b937-93b730567318</tstamps>
    </comp>
    <comp ref="J3">
      <value>Conn_01x02_Pin</value>
      <footprint>Connector_PinHeader_2.54mm:PinHeader_1x02_P2.54mm_Vertical</footprint>
      <libsource lib="Connector" part="Conn_01x02_Pin" description="Generic connector, single row, 01x02, script generated"/>
      <property name="Sheetname" value=""/>
      <property name="Sheetfile" value="PowerSchematic.kicad_sch"/>
      <property name="ki_description" value="Generic connector, single row, 01x02, script generated"/>
      <property name="ki_keywords" value="connector"/>
      <sheetpath names="/" tstamps="/"/>
      <tstamps>820b4a7d-44d3-44e1-b771-e31a09c3bf02</tstamps>
    </comp>
    <comp ref="J4">
      <value>Conn_02x16_Odd_Even</value>
      <footprint>Connector_PinHeader_2.54mm:PinHeader_2x16_P2.54mm_Horizontal</footprint>
      <libsource lib="Connector_Generic" part="Conn_02x16_Odd_Even" description="Generic connector, double row, 02x16, odd/even pin numbering scheme (row 1 odd numbers, row 2 even numbers), script generated (kicad-library-utils/schlib/autogen/connector/)"/>
      <property name="Sheetname" value=""/>
      <property name="Sheetfile" value="PowerSchematic.kicad_sch"/>
      <property name="ki_description" value="Generic connector, double row, 02x16, odd/even pin numbering scheme (row 1 odd numbers, row 2 even numbers), script generated (kicad-library-utils/schlib/autogen/connector/)"/>
      <property name="ki_keywords" value="connector"/>
      <sheetpath names="/" tstamps="/"/>
      <tstamps>90cd5b21-6f9c-44ba-9b52-99610b3d7fe4</tstamps>
    </comp>
    <comp ref="J5">
      <value>B6B-PH-K-S_LF__SN_</value>
      <footprint>Connector_PinHeader_2.54mm:PinHeader_1x06_P2.54mm_Horizontal</footprint>
      <fields>
        <field name="Availability">In Stock</field>
        <field name="Check_prices">https://www.snapeda.com/parts/B6B-PH-K-S%20(LF)(SN)/JST/view-part/?ref=eda</field>
        <field name="Description">\n                        \n                            Socket; wire-board; male; PH; 2mm; PIN: 6; THT; 100V; 2A; -25÷85°C\n                        \n</field>
        <field name="MANUFACTURER">JST Sales America Inc.</field>
        <field name="MAXIMUM_PACKAGE_HEIGHT">6mm</field>
        <field name="MF">JST</field>
        <field name="MP">B6B-PH-K-S (LF)(SN)</field>
        <field name="PARTREV">N/A</field>
        <field name="Package">None</field>
        <field name="Price">None</field>
        <field name="STANDARD">Manufacturer Recommendations</field>
        <field name="SnapEDA_Link">https://www.snapeda.com/parts/B6B-PH-K-S%20(LF)(SN)/JST/view-part/?ref=snap</field>
      </fields>
      <libsource lib="B6B-PH-K-S_LF__SN_" part="B6B-PH-K-S_LF__SN_" description=""/>
      <property name="MF" value="JST"/>
      <property name="MAXIMUM_PACKAGE_HEIGHT" value="6mm"/>
      <property name="Package" value="None"/>
      <property name="Price" value="None"/>
      <property name="Check_prices" value="https://www.snapeda.com/parts/B6B-PH-K-S%20(LF)(SN)/JST/view-part/?ref=eda"/>
      <property name="STANDARD" value="Manufacturer Recommendations"/>
      <property name="PARTREV" value="N/A"/>
      <property name="SnapEDA_Link" value="https://www.snapeda.com/parts/B6B-PH-K-S%20(LF)(SN)/JST/view-part/?ref=snap"/>
      <property name="MP" value="B6B-PH-K-S (LF)(SN)"/>
      <property name="Description" value="\n                        \n                            Socket; wire-board; male; PH; 2mm; PIN: 6; THT; 100V; 2A; -25÷85°C\n                        \n"/>
      <property name="Availability" value="In Stock"/>
      <property name="MANUFACTURER" value="JST Sales America Inc."/>
      <property name="Sheetname" value=""/>
      <property name="Sheetfile" value="PowerSchematic.kicad_sch"/>
      <sheetpath names="/" tstamps="/"/>
      <tstamps>f9e8a615-b710-400a-88ea-a6dac7d2defc</tstamps>
    </comp>
    <comp ref="J7">
      <value>Conn_01x02_Pin</value>
      <footprint>Connector_PinHeader_2.54mm:PinHeader_1x02_P2.54mm_Vertical</footprint>
      <libsource lib="Connector" part="Conn_01x02_Pin" description="Generic connector, single row, 01x02, script generated"/>
      <property name="Sheetname" value=""/>
      <property name="Sheetfile" value="PowerSchematic.kicad_sch"/>
      <property name="ki_description" value="Generic connector, single row, 01x02, script generated"/>
      <property name="ki_keywords" value="connector"/>
      <sheetpath names="/" tstamps="/"/>
      <tstamps>91501686-dcbc-4386-90c6-6f10ca202187</tstamps>
    </comp>
    <comp ref="JP1">
      <value>SolderJumper_2_Open</value>
      <footprint>Jumper:SolderJumper-2_P1.3mm_Open_Pad1.0x1.5mm</footprint>
      <libsource lib="Jumper" part="SolderJumper_2_Open" description="Solder Jumper, 2-pole, open"/>
      <property name="Sheetname" value=""/>
      <property name="Sheetfile" value="PowerSchematic.kicad_sch"/>
      <property name="ki_description" value="Solder Jumper, 2-pole, open"/>
      <property name="ki_keywords" value="solder jumper SPST"/>
      <sheetpath names="/" tstamps="/"/>
      <tstamps>bd24f01f-9517-4c58-9ef6-20670d48b648</tstamps>
    </comp>
    <comp ref="JP2">
      <value>SolderJumper_2_Open</value>
      <footprint>Jumper:SolderJumper-2_P1.3mm_Open_Pad1.0x1.5mm</footprint>
      <libsource lib="Jumper" part="SolderJumper_2_Open" description="Solder Jumper, 2-pole, open"/>
      <property name="Sheetname" value=""/>
      <property name="Sheetfile" value="PowerSchematic.kicad_sch"/>
      <property name="ki_description" value="Solder Jumper, 2-pole, open"/>
      <property name="ki_keywords" value="solder jumper SPST"/>
      <sheetpath names="/" tstamps="/"/>
      <tstamps>70fbb9f0-593a-445f-a2a6-e580e9e5d629</tstamps>
    </comp>
    <comp ref="JP3">
      <value>SolderJumper_2_Open</value>
      <footprint>Jumper:SolderJumper-2_P1.3mm_Open_Pad1.0x1.5mm</footprint>
      <libsource lib="Jumper" part="SolderJumper_2_Open" description="Solder Jumper, 2-pole, open"/>
      <property name="Sheetname" value=""/>
      <property name="Sheetfile" value="PowerSchematic.kicad_sch"/>
      <property name="ki_description" value="Solder Jumper, 2-pole, open"/>
      <property name="ki_keywords" value="solder jumper SPST"/>
      <sheetpath names="/" tstamps="/"/>
      <tstamps>875e3147-c0bc-4e5f-8694-60c9acc94959</tstamps>
    </comp>
    <comp ref="JP4">
      <value>SolderJumper_2_Open</value>
      <footprint>Jumper:SolderJumper-2_P1.3mm_Open_Pad1.0x1.5mm</footprint>
      <libsource lib="Jumper" part="SolderJumper_2_Open" description="Solder Jumper, 2-pole, open"/>
      <property name="Sheetname" value=""/>
      <property name="Sheetfile" value="PowerSchematic.kicad_sch"/>
      <property name="ki_description" value="Solder Jumper, 2-pole, open"/>
      <property name="ki_keywords" value="solder jumper SPST"/>
      <sheetpath names="/" tstamps="/"/>
      <tstamps>37f69630-df1e-4f73-bb69-d15a37f4d74c</tstamps>
    </comp>
    <comp ref="JP5">
      <value>SolderJumper_2_Open</value>
      <footprint>Jumper:SolderJumper-2_P1.3mm_Open_Pad1.0x1.5mm</footprint>
      <libsource lib="Jumper" part="SolderJumper_2_Open" description="Solder Jumper, 2-pole, open"/>
      <property name="Sheetname" value=""/>
      <property name="Sheetfile" value="PowerSchematic.kicad_sch"/>
      <property name="ki_description" value="Solder Jumper, 2-pole, open"/>
      <property name="ki_keywords" value="solder jumper SPST"/>
      <sheetpath names="/" tstamps="/"/>
      <tstamps>f34f4b8a-4cc2-4a6e-aad9-a48939cbd391</tstamps>
    </comp>
    <comp ref="JP6">
      <value>SolderJumper_2_Open</value>
      <footprint>Jumper:SolderJumper-2_P1.3mm_Open_Pad1.0x1.5mm</footprint>
      <libsource lib="Jumper" part="SolderJumper_2_Open" description="Solder Jumper, 2-pole, open"/>
      <property name="Sheetname" value=""/>
      <property name="Sheetfile" value="PowerSchematic.kicad_sch"/>
      <property name="ki_description" value="Solder Jumper, 2-pole, open"/>
      <property name="ki_keywords" value="solder jumper SPST"/>
      <sheetpath names="/" tstamps="/"/>
      <tstamps>a2b95498-29b8-41dd-a3b4-3fb73c6f146c</tstamps>
    </comp>
    <comp ref="JP7">
      <value>SolderJumper_2_Open</value>
      <footprint>Jumper:SolderJumper-2_P1.3mm_Open_Pad1.0x1.5mm</footprint>
      <libsource lib="Jumper" part="SolderJumper_2_Open" description="Solder Jumper, 2-pole, open"/>
      <property name="Sheetname" value=""/>
      <property name="Sheetfile" value="PowerSchematic.kicad_sch"/>
      <property name="ki_description" value="Solder Jumper, 2-pole, open"/>
      <property name="ki_keywords" value="solder jumper SPST"/>
      <sheetpath names="/" tstamps="/"/>
      <tstamps>30718399-b81c-4d7f-a3ef-791e0f02c350</tstamps>
    </comp>
    <comp ref="JP8">
      <value>SolderJumper_2_Open</value>
      <footprint>Jumper:SolderJumper-2_P1.3mm_Open_Pad1.0x1.5mm</footprint>
      <libsource lib="Jumper" part="SolderJumper_2_Open" description="Solder Jumper, 2-pole, open"/>
      <property name="Sheetname" value=""/>
      <property name="Sheetfile" value="PowerSchematic.kicad_sch"/>
      <property name="ki_description" value="Solder Jumper, 2-pole, open"/>
      <property name="ki_keywords" value="solder jumper SPST"/>
      <sheetpath names="/" tstamps="/"/>
      <tstamps>f38d42a7-82e5-439b-b0b5-ea08d5bc1fd6</tstamps>
    </comp>
    <comp ref="JP9">
      <value>SolderJumper_2_Open</value>
      <footprint>Jumper:SolderJumper-2_P1.3mm_Open_Pad1.0x1.5mm</footprint>
      <libsource lib="Jumper" part="SolderJumper_2_Open" description="Solder Jumper, 2-pole, open"/>
      <property name="Sheetname" value=""/>
      <property name="Sheetfile" value="PowerSchematic.kicad_sch"/>
      <property name="ki_description" value="Solder Jumper, 2-pole, open"/>
      <property name="ki_keywords" value="solder jumper SPST"/>
      <sheetpath names="/" tstamps="/"/>
      <tstamps>552afd8a-b9de-4e44-810c-21118d5f9703</tstamps>
    </comp>
    <comp ref="L1">
      <value>4.7u</value>
      <footprint>Inductor_SMD:L_0201_0603Metric</footprint>
      <libsource lib="Device" part="L" description="Inductor"/>
      <property name="Sheetname" value=""/>
      <property name="Sheetfile" value="PowerSchematic.kicad_sch"/>
      <property name="ki_description" value="Inductor"/>
      <property name="ki_keywords" value="inductor choke coil reactor magnetic"/>
      <sheetpath names="/" tstamps="/"/>
      <tstamps>fb79738a-46d4-44b6-810e-f27105c8e3e7</tstamps>
    </comp>
    <comp ref="Q1">
      <value>IRLML6402</value>
      <footprint>Package_TO_SOT_SMD:SOT-23</footprint>
      <datasheet>https://www.infineon.com/dgdl/irlml6402pbf.pdf?fileId=5546d462533600a401535668d5c2263c</datasheet>
      <libsource lib="Transistor_FET" part="IRLML6402" description="-3.7A Id, -20V Vds, 65mOhm Rds, P-Channel HEXFET Power MOSFET, SOT-23"/>
      <property name="Sheetname" value=""/>
      <property name="Sheetfile" value="PowerSchematic.kicad_sch"/>
      <property name="ki_description" value="-3.7A Id, -20V Vds, 65mOhm Rds, P-Channel HEXFET Power MOSFET, SOT-23"/>
      <property name="ki_keywords" value="P-Channel HEXFET MOSFET"/>
      <sheetpath names="/" tstamps="/"/>
      <tstamps>55786442-46cd-4a5b-b164-1951c8eff628</tstamps>
    </comp>
    <comp ref="Q2">
      <value>IRLML6402</value>
      <footprint>Package_TO_SOT_SMD:SOT-23</footprint>
      <datasheet>https://www.infineon.com/dgdl/irlml6402pbf.pdf?fileId=5546d462533600a401535668d5c2263c</datasheet>
      <libsource lib="Transistor_FET" part="IRLML6402" description="-3.7A Id, -20V Vds, 65mOhm Rds, P-Channel HEXFET Power MOSFET, SOT-23"/>
      <property name="Sheetname" value=""/>
      <property name="Sheetfile" value="PowerSchematic.kicad_sch"/>
      <property name="ki_description" value="-3.7A Id, -20V Vds, 65mOhm Rds, P-Channel HEXFET Power MOSFET, SOT-23"/>
      <property name="ki_keywords" value="P-Channel HEXFET MOSFET"/>
      <sheetpath names="/" tstamps="/"/>
      <tstamps>12f7cdf8-9a33-486a-97e8-54589a1b6795</tstamps>
    </comp>
    <comp ref="Q3">
      <value>IRLML6402</value>
      <footprint>Package_TO_SOT_SMD:SOT-23</footprint>
      <datasheet>https://www.infineon.com/dgdl/irlml6402pbf.pdf?fileId=5546d462533600a401535668d5c2263c</datasheet>
      <libsource lib="Transistor_FET" part="IRLML6402" description="-3.7A Id, -20V Vds, 65mOhm Rds, P-Channel HEXFET Power MOSFET, SOT-23"/>
      <property name="Sheetname" value=""/>
      <property name="Sheetfile" value="PowerSchematic.kicad_sch"/>
      <property name="ki_description" value="-3.7A Id, -20V Vds, 65mOhm Rds, P-Channel HEXFET Power MOSFET, SOT-23"/>
      <property name="ki_keywords" value="P-Channel HEXFET MOSFET"/>
      <sheetpath names="/" tstamps="/"/>
      <tstamps>0ee645b4-610f-4e82-9a03-221d36c27c3d</tstamps>
    </comp>
    <comp ref="R1">
      <value>1.2k</value>
      <footprint>Resistor_SMD:R_0603_1608Metric</footprint>
      <libsource lib="Device" part="R_Small_US" description="Resistor, small US symbol"/>
      <property name="Sheetname" value=""/>
      <property name="Sheetfile" value="PowerSchematic.kicad_sch"/>
      <property name="ki_description" value="Resistor, small US symbol"/>
      <property name="ki_keywords" value="r resistor"/>
      <sheetpath names="/" tstamps="/"/>
      <tstamps>c9ac4703-ec23-44e0-b90e-2b3cd350400e</tstamps>
    </comp>
    <comp ref="R2">
      <value>220</value>
      <footprint>Resistor_SMD:R_0603_1608Metric</footprint>
      <libsource lib="Device" part="R_Small_US" description="Resistor, small US symbol"/>
      <property name="Sheetname" value=""/>
      <property name="Sheetfile" value="PowerSchematic.kicad_sch"/>
      <property name="ki_description" value="Resistor, small US symbol"/>
      <property name="ki_keywords" value="r resistor"/>
      <sheetpath names="/" tstamps="/"/>
      <tstamps>23e049dd-cdcc-4c33-838d-01206a797b8a</tstamps>
    </comp>
    <comp ref="R3">
      <value>5.6k</value>
      <footprint>Resistor_SMD:R_0603_1608Metric</footprint>
      <libsource lib="Device" part="R_Small_US" description="Resistor, small US symbol"/>
      <property name="Sheetname" value=""/>
      <property name="Sheetfile" value="PowerSchematic.kicad_sch"/>
      <property name="ki_description" value="Resistor, small US symbol"/>
      <property name="ki_keywords" value="r resistor"/>
      <sheetpath names="/" tstamps="/"/>
      <tstamps>8e120635-76d8-45f7-b07d-3d3b5e56d765</tstamps>
    </comp>
    <comp ref="R4">
      <value>0.4</value>
      <footprint>Resistor_SMD:R_0603_1608Metric</footprint>
      <libsource lib="Device" part="R_Small_US" description="Resistor, small US symbol"/>
      <property name="Sheetname" value=""/>
      <property name="Sheetfile" value="PowerSchematic.kicad_sch"/>
      <property name="ki_description" value="Resistor, small US symbol"/>
      <property name="ki_keywords" value="r resistor"/>
      <sheetpath names="/" tstamps="/"/>
      <tstamps>6a7eef9d-fa12-40a6-b3fa-e36455ec392e</tstamps>
    </comp>
    <comp ref="R5">
      <value>1k</value>
      <footprint>Resistor_SMD:R_0603_1608Metric</footprint>
      <libsource lib="Device" part="R_Small_US" description="Resistor, small US symbol"/>
      <property name="Sheetname" value=""/>
      <property name="Sheetfile" value="PowerSchematic.kicad_sch"/>
      <property name="ki_description" value="Resistor, small US symbol"/>
      <property name="ki_keywords" value="r resistor"/>
      <sheetpath names="/" tstamps="/"/>
      <tstamps>dfb492a1-8941-407b-a3a0-b4ed9d8c73db</tstamps>
    </comp>
    <comp ref="R6">
      <value>1k</value>
      <footprint>Resistor_SMD:R_0603_1608Metric</footprint>
      <libsource lib="Device" part="R_Small_US" description="Resistor, small US symbol"/>
      <property name="Sheetname" value=""/>
      <property name="Sheetfile" value="PowerSchematic.kicad_sch"/>
      <property name="ki_description" value="Resistor, small US symbol"/>
      <property name="ki_keywords" value="r resistor"/>
      <sheetpath names="/" tstamps="/"/>
      <tstamps>d0a1cfd4-6ef4-40eb-af3b-709aca6fa6f9</tstamps>
    </comp>
    <comp ref="R7">
      <value>1</value>
      <footprint>Resistor_SMD:R_0603_1608Metric</footprint>
      <libsource lib="Device" part="R_Small_US" description="Resistor, small US symbol"/>
      <property name="Sheetname" value=""/>
      <property name="Sheetfile" value="PowerSchematic.kicad_sch"/>
      <property name="ki_description" value="Resistor, small US symbol"/>
      <property name="ki_keywords" value="r resistor"/>
      <sheetpath names="/" tstamps="/"/>
      <tstamps>b19fdbf8-deb9-4525-b1b0-575193cd843b</tstamps>
    </comp>
    <comp ref="R8">
      <value>0.39</value>
      <footprint>Resistor_SMD:R_0603_1608Metric</footprint>
      <libsource lib="Device" part="R_Small_US" description="Resistor, small US symbol"/>
      <property name="Sheetname" value=""/>
      <property name="Sheetfile" value="PowerSchematic.kicad_sch"/>
      <property name="ki_description" value="Resistor, small US symbol"/>
      <property name="ki_keywords" value="r resistor"/>
      <sheetpath names="/" tstamps="/"/>
      <tstamps>d78e1f98-1f39-4553-8a9b-2c609a214978</tstamps>
    </comp>
    <comp ref="R9">
      <value>33</value>
      <footprint>Resistor_SMD:R_0603_1608Metric</footprint>
      <libsource lib="Device" part="R_Small_US" description="Resistor, small US symbol"/>
      <property name="Sheetname" value=""/>
      <property name="Sheetfile" value="PowerSchematic.kicad_sch"/>
      <property name="ki_description" value="Resistor, small US symbol"/>
      <property name="ki_keywords" value="r resistor"/>
      <sheetpath names="/" tstamps="/"/>
      <tstamps>085f6b5a-3d72-4621-a9f6-4a567ca0463e</tstamps>
    </comp>
    <comp ref="R10">
      <value>100k</value>
      <footprint>Resistor_SMD:R_0603_1608Metric</footprint>
      <libsource lib="Device" part="R_Small_US" description="Resistor, small US symbol"/>
      <property name="Sheetname" value=""/>
      <property name="Sheetfile" value="PowerSchematic.kicad_sch"/>
      <property name="ki_description" value="Resistor, small US symbol"/>
      <property name="ki_keywords" value="r resistor"/>
      <sheetpath names="/" tstamps="/"/>
      <tstamps>8f4a4a7d-769f-45c4-bd73-86532fe00577</tstamps>
    </comp>
    <comp ref="R11">
      <value>33k</value>
      <footprint>Resistor_SMD:R_0603_1608Metric</footprint>
      <libsource lib="Device" part="R_Small_US" description="Resistor, small US symbol"/>
      <property name="Sheetname" value=""/>
      <property name="Sheetfile" value="PowerSchematic.kicad_sch"/>
      <property name="ki_description" value="Resistor, small US symbol"/>
      <property name="ki_keywords" value="r resistor"/>
      <sheetpath names="/" tstamps="/"/>
      <tstamps>da531b31-3bad-4973-baee-b2b8fe8da677</tstamps>
    </comp>
    <comp ref="R12">
      <value>1M</value>
      <footprint>Resistor_SMD:R_0603_1608Metric</footprint>
      <libsource lib="Device" part="R_Small_US" description="Resistor, small US symbol"/>
      <property name="Sheetname" value=""/>
      <property name="Sheetfile" value="PowerSchematic.kicad_sch"/>
      <property name="ki_description" value="Resistor, small US symbol"/>
      <property name="ki_keywords" value="r resistor"/>
      <sheetpath names="/" tstamps="/"/>
      <tstamps>5182a0ae-9214-4f50-a938-c8d31cddc699</tstamps>
    </comp>
    <comp ref="R13">
      <value>5.1k</value>
      <footprint>Resistor_SMD:R_0603_1608Metric</footprint>
      <libsource lib="Device" part="R_Small_US" description="Resistor, small US symbol"/>
      <property name="Sheetname" value=""/>
      <property name="Sheetfile" value="PowerSchematic.kicad_sch"/>
      <property name="ki_description" value="Resistor, small US symbol"/>
      <property name="ki_keywords" value="r resistor"/>
      <sheetpath names="/" tstamps="/"/>
      <tstamps>2ece0cf6-6f68-45dd-8af0-276c56722c97</tstamps>
    </comp>
    <comp ref="R14">
      <value>5.1k</value>
      <footprint>Resistor_SMD:R_0603_1608Metric</footprint>
      <libsource lib="Device" part="R_Small_US" description="Resistor, small US symbol"/>
      <property name="Sheetname" value=""/>
      <property name="Sheetfile" value="PowerSchematic.kicad_sch"/>
      <property name="ki_description" value="Resistor, small US symbol"/>
      <property name="ki_keywords" value="r resistor"/>
      <sheetpath names="/" tstamps="/"/>
      <tstamps>39678071-3794-48b4-8e56-a50dfe16a0f4</tstamps>
    </comp>
    <comp ref="R15">
      <value>100k</value>
      <footprint>Resistor_SMD:R_0603_1608Metric</footprint>
      <libsource lib="Device" part="R_Small_US" description="Resistor, small US symbol"/>
      <property name="Sheetname" value=""/>
      <property name="Sheetfile" value="PowerSchematic.kicad_sch"/>
      <property name="ki_description" value="Resistor, small US symbol"/>
      <property name="ki_keywords" value="r resistor"/>
      <sheetpath names="/" tstamps="/"/>
      <tstamps>24ab6a86-87b4-4e4a-aa8e-9491fe1d3878</tstamps>
    </comp>
    <comp ref="R16">
      <value>1k</value>
      <footprint>Resistor_SMD:R_0603_1608Metric</footprint>
      <libsource lib="Device" part="R_Small_US" description="Resistor, small US symbol"/>
      <property name="Sheetname" value=""/>
      <property name="Sheetfile" value="PowerSchematic.kicad_sch"/>
      <property name="ki_description" value="Resistor, small US symbol"/>
      <property name="ki_keywords" value="r resistor"/>
      <sheetpath names="/" tstamps="/"/>
      <tstamps>f8ff53ca-6529-4143-9879-dad274931655</tstamps>
    </comp>
    <comp ref="R17">
      <value>10K</value>
      <footprint>Resistor_SMD:R_0603_1608Metric</footprint>
      <libsource lib="Device" part="R_Small_US" description="Resistor, small US symbol"/>
      <property name="Sheetname" value=""/>
      <property name="Sheetfile" value="PowerSchematic.kicad_sch"/>
      <property name="ki_description" value="Resistor, small US symbol"/>
      <property name="ki_keywords" value="r resistor"/>
      <sheetpath names="/" tstamps="/"/>
      <tstamps>88893d69-e8b0-4ecc-8c53-193fd69b7d61</tstamps>
    </comp>
    <comp ref="R18">
      <value>1</value>
      <footprint>Resistor_SMD:R_0603_1608Metric</footprint>
      <libsource lib="Device" part="R_Small_US" description="Resistor, small US symbol"/>
      <property name="Sheetname" value=""/>
      <property name="Sheetfile" value="PowerSchematic.kicad_sch"/>
      <property name="ki_description" value="Resistor, small US symbol"/>
      <property name="ki_keywords" value="r resistor"/>
      <sheetpath names="/" tstamps="/"/>
      <tstamps>b1e34871-7f9d-436c-ba4f-e429bb740ce0</tstamps>
    </comp>
    <comp ref="R19">
      <value>0.39</value>
      <footprint>Resistor_SMD:R_0603_1608Metric</footprint>
      <libsource lib="Device" part="R_Small_US" description="Resistor, small US symbol"/>
      <property name="Sheetname" value=""/>
      <property name="Sheetfile" value="PowerSchematic.kicad_sch"/>
      <property name="ki_description" value="Resistor, small US symbol"/>
      <property name="ki_keywords" value="r resistor"/>
      <sheetpath names="/" tstamps="/"/>
      <tstamps>b598d192-102d-484a-b02d-74d813d5de42</tstamps>
    </comp>
    <comp ref="R20">
      <value>3.3k</value>
      <footprint>Resistor_SMD:R_0603_1608Metric</footprint>
      <libsource lib="Device" part="R_Small_US" description="Resistor, small US symbol"/>
      <property name="Sheetname" value=""/>
      <property name="Sheetfile" value="PowerSchematic.kicad_sch"/>
      <property name="ki_description" value="Resistor, small US symbol"/>
      <property name="ki_keywords" value="r resistor"/>
      <sheetpath names="/" tstamps="/"/>
      <tstamps>e8065693-93d2-4787-9ca2-e81c2d9ddc28</tstamps>
    </comp>
    <comp ref="R21">
      <value>10k</value>
      <footprint>Resistor_SMD:R_0603_1608Metric</footprint>
      <libsource lib="Device" part="R_Small_US" description="Resistor, small US symbol"/>
      <property name="Sheetname" value=""/>
      <property name="Sheetfile" value="PowerSchematic.kicad_sch"/>
      <property name="ki_description" value="Resistor, small US symbol"/>
      <property name="ki_keywords" value="r resistor"/>
      <sheetpath names="/" tstamps="/"/>
      <tstamps>b8455f09-c773-4120-9f3a-6426155a130a</tstamps>
    </comp>
    <comp ref="R22">
      <value>10</value>
      <footprint>Resistor_SMD:R_0603_1608Metric</footprint>
      <libsource lib="Device" part="R_Shunt_US" description="Shunt resistor, US symbol"/>
      <property name="Sheetname" value=""/>
      <property name="Sheetfile" value="PowerSchematic.kicad_sch"/>
      <property name="ki_description" value="Shunt resistor, US symbol"/>
      <property name="ki_keywords" value="R res shunt resistor"/>
      <sheetpath names="/" tstamps="/"/>
      <tstamps>f20affbe-ae0c-4a02-9e8b-7c604d1c03c5</tstamps>
    </comp>
    <comp ref="R23">
      <value>R_LIMIT</value>
      <footprint>Resistor_SMD:R_0603_1608Metric</footprint>
      <libsource lib="Device" part="R_Small_US" description="Resistor, small US symbol"/>
      <property name="Sheetname" value=""/>
      <property name="Sheetfile" value="PowerSchematic.kicad_sch"/>
      <property name="ki_description" value="Resistor, small US symbol"/>
      <property name="ki_keywords" value="r resistor"/>
      <sheetpath names="/" tstamps="/"/>
      <tstamps>65469fd2-f1b8-4b74-8852-e5547c0ff7d9</tstamps>
    </comp>
    <comp ref="R24">
      <value>1k</value>
      <footprint>Resistor_SMD:R_0603_1608Metric</footprint>
      <libsource lib="Device" part="R_Small_US" description="Resistor, small US symbol"/>
      <property name="Sheetname" value=""/>
      <property name="Sheetfile" value="PowerSchematic.kicad_sch"/>
      <property name="ki_description" value="Resistor, small US symbol"/>
      <property name="ki_keywords" value="r resistor"/>
      <sheetpath names="/" tstamps="/"/>
      <tstamps>48028813-639f-47c6-b5f1-f469ed160cac</tstamps>
    </comp>
    <comp ref="R25">
      <value>R_LIMIT</value>
      <footprint>Resistor_SMD:R_0603_1608Metric</footprint>
      <libsource lib="Device" part="R_Small_US" description="Resistor, small US symbol"/>
      <property name="Sheetname" value=""/>
      <property name="Sheetfile" value="PowerSchematic.kicad_sch"/>
      <property name="ki_description" value="Resistor, small US symbol"/>
      <property name="ki_keywords" value="r resistor"/>
      <sheetpath names="/" tstamps="/"/>
      <tstamps>f6dd073d-8731-4f6a-af73-9027968d1d6d</tstamps>
    </comp>
    <comp ref="R26">
      <value>10K</value>
      <footprint>Resistor_SMD:R_0603_1608Metric</footprint>
      <libsource lib="Device" part="R_Small_US" description="Resistor, small US symbol"/>
      <property name="Sheetname" value=""/>
      <property name="Sheetfile" value="PowerSchematic.kicad_sch"/>
      <property name="ki_description" value="Resistor, small US symbol"/>
      <property name="ki_keywords" value="r resistor"/>
      <sheetpath names="/" tstamps="/"/>
      <tstamps>7b612468-c9fb-406d-8030-6fe9744ca4c4</tstamps>
    </comp>
    <comp ref="R27">
      <value>1k</value>
      <footprint>Resistor_SMD:R_0603_1608Metric</footprint>
      <libsource lib="Device" part="R_Small_US" description="Resistor, small US symbol"/>
      <property name="Sheetname" value=""/>
      <property name="Sheetfile" value="PowerSchematic.kicad_sch"/>
      <property name="ki_description" value="Resistor, small US symbol"/>
      <property name="ki_keywords" value="r resistor"/>
      <sheetpath names="/" tstamps="/"/>
      <tstamps>5ee43598-6d13-445a-96a6-5002d154ad47</tstamps>
    </comp>
    <comp ref="RED1">
      <value>LED</value>
      <footprint>LED_SMD:LED_0201_0603Metric</footprint>
      <libsource lib="Device" part="LED" description="Light emitting diode"/>
      <property name="Sheetname" value=""/>
      <property name="Sheetfile" value="PowerSchematic.kicad_sch"/>
      <property name="ki_description" value="Light emitting diode"/>
      <property name="ki_keywords" value="LED diode"/>
      <sheetpath names="/" tstamps="/"/>
      <tstamps>ef3b6970-a73d-4f6f-9a95-fc3fcad4de82</tstamps>
    </comp>
    <comp ref="SW1">
      <value>SW_Push</value>
      <footprint>Button_Switch_SMD:Nidec_Copal_SH-7010A</footprint>
      <libsource lib="Switch" part="SW_Push" description="Push button switch, generic, two pins"/>
      <property name="Sheetname" value=""/>
      <property name="Sheetfile" value="PowerSchematic.kicad_sch"/>
      <property name="ki_description" value="Push button switch, generic, two pins"/>
      <property name="ki_keywords" value="switch normally-open pushbutton push-button"/>
      <sheetpath names="/" tstamps="/"/>
      <tstamps>f71a9e9e-b78c-4675-8cbc-8bce935ccfd3</tstamps>
    </comp>
    <comp ref="TP1">
      <value>TestPoint</value>
      <footprint>TestPoint:TestPoint_Pad_1.0x1.0mm</footprint>
      <libsource lib="Connector" part="TestPoint" description="test point"/>
      <property name="Sheetname" value=""/>
      <property name="Sheetfile" value="PowerSchematic.kicad_sch"/>
      <property name="ki_description" value="test point"/>
      <property name="ki_keywords" value="test point tp"/>
      <sheetpath names="/" tstamps="/"/>
      <tstamps>6b480c25-bf80-4b33-8913-47d0c5b6edf2</tstamps>
    </comp>
    <comp ref="TP2">
      <value>TestPoint</value>
      <footprint>TestPoint:TestPoint_Pad_1.0x1.0mm</footprint>
      <libsource lib="Connector" part="TestPoint" description="test point"/>
      <property name="Sheetname" value=""/>
      <property name="Sheetfile" value="PowerSchematic.kicad_sch"/>
      <property name="ki_description" value="test point"/>
      <property name="ki_keywords" value="test point tp"/>
      <sheetpath names="/" tstamps="/"/>
      <tstamps>e2a4ddfc-1aa7-4b83-9d53-4e7b3bb7c5f9</tstamps>
    </comp>
    <comp ref="TP3">
      <value>TestPoint</value>
      <footprint>TestPoint:TestPoint_Pad_1.0x1.0mm</footprint>
      <libsource lib="Connector" part="TestPoint" description="test point"/>
      <property name="Sheetname" value=""/>
      <property name="Sheetfile" value="PowerSchematic.kicad_sch"/>
      <property name="ki_description" value="test point"/>
      <property name="ki_keywords" value="test point tp"/>
      <sheetpath names="/" tstamps="/"/>
      <tstamps>4e3deb20-1e8a-4bf4-af6a-29b5e076d350</tstamps>
    </comp>
    <comp ref="TP4">
      <value>TestPoint</value>
      <footprint>TestPoint:TestPoint_Pad_1.0x1.0mm</footprint>
      <libsource lib="Connector" part="TestPoint" description="test point"/>
      <property name="Sheetname" value=""/>
      <property name="Sheetfile" value="PowerSchematic.kicad_sch"/>
      <property name="ki_description" value="test point"/>
      <property name="ki_keywords" value="test point tp"/>
      <sheetpath names="/" tstamps="/"/>
      <tstamps>d56f2df6-3811-4368-ae8e-b4cc064bef4e</tstamps>
    </comp>
    <comp ref="TP5">
      <value>TestPoint</value>
      <footprint>TestPoint:TestPoint_Pad_1.0x1.0mm</footprint>
      <libsource lib="Connector" part="TestPoint" description="test point"/>
      <property name="Sheetname" value=""/>
      <property name="Sheetfile" value="PowerSchematic.kicad_sch"/>
      <property name="ki_description" value="test point"/>
      <property name="ki_keywords" value="test point tp"/>
      <sheetpath names="/" tstamps="/"/>
      <tstamps>05c2109e-8abd-417b-a1e0-5da29622c1e7</tstamps>
    </comp>
    <comp ref="TP6">
      <value>TestPoint</value>
      <footprint>TestPoint:TestPoint_Pad_1.0x1.0mm</footprint>
      <libsource lib="Connector" part="TestPoint" description="test point"/>
      <property name="Sheetname" value=""/>
      <property name="Sheetfile" value="PowerSchematic.kicad_sch"/>
      <property name="ki_description" value="test point"/>
      <property name="ki_keywords" value="test point tp"/>
      <sheetpath names="/" tstamps="/"/>
      <tstamps>e2d142d7-f504-444c-aef6-945cd4e8c02a</tstamps>
    </comp>
    <comp ref="TP7">
      <value>TestPoint</value>
      <footprint>TestPoint:TestPoint_Pad_1.0x1.0mm</footprint>
      <libsource lib="Connector" part="TestPoint" description="test point"/>
      <property name="Sheetname" value=""/>
      <property name="Sheetfile" value="PowerSchematic.kicad_sch"/>
      <property name="ki_description" value="test point"/>
      <property name="ki_keywords" value="test point tp"/>
      <sheetpath names="/" tstamps="/"/>
      <tstamps>9bbb9acc-7aa6-4f44-a1d6-56f47054608a</tstamps>
    </comp>
    <comp ref="TP8">
      <value>TestPoint</value>
      <footprint>TestPoint:TestPoint_Pad_1.0x1.0mm</footprint>
      <libsource lib="Connector" part="TestPoint" description="test point"/>
      <property name="Sheetname" value=""/>
      <property name="Sheetfile" value="PowerSchematic.kicad_sch"/>
      <property name="ki_description" value="test point"/>
      <property name="ki_keywords" value="test point tp"/>
      <sheetpath names="/" tstamps="/"/>
      <tstamps>72a3a5ec-65aa-4dae-918c-733b0ce65528</tstamps>
    </comp>
    <comp ref="TP9">
      <value>TestPoint</value>
      <footprint>TestPoint:TestPoint_Pad_1.0x1.0mm</footprint>
      <libsource lib="Connector" part="TestPoint" description="test point"/>
      <property name="Sheetname" value=""/>
      <property name="Sheetfile" value="PowerSchematic.kicad_sch"/>
      <property name="ki_description" value="test point"/>
      <property name="ki_keywords" value="test point tp"/>
      <sheetpath names="/" tstamps="/"/>
      <tstamps>232c05af-02bd-4841-b946-ab32347c26cc</tstamps>
    </comp>
    <comp ref="TP10">
      <value>TestPoint</value>
      <footprint>TestPoint:TestPoint_Pad_1.0x1.0mm</footprint>
      <libsource lib="Connector" part="TestPoint" description="test point"/>
      <property name="Sheetname" value=""/>
      <property name="Sheetfile" value="PowerSchematic.kicad_sch"/>
      <property name="ki_description" value="test point"/>
      <property name="ki_keywords" value="test point tp"/>
      <sheetpath names="/" tstamps="/"/>
      <tstamps>fbe01152-88f0-4848-8784-773d93b971d6</tstamps>
    </comp>
    <comp ref="TP11">
      <value>TestPoint</value>
      <footprint>TestPoint:TestPoint_Pad_1.0x1.0mm</footprint>
      <libsource lib="Connector" part="TestPoint" description="test point"/>
      <property name="Sheetname" value=""/>
      <property name="Sheetfile" value="PowerSchematic.kicad_sch"/>
      <property name="ki_description" value="test point"/>
      <property name="ki_keywords" value="test point tp"/>
      <sheetpath names="/" tstamps="/"/>
      <tstamps>5fa958d5-0af7-4227-9770-c8dfd41a8ad9</tstamps>
    </comp>
    <comp ref="TP12">
      <value>TestPoint</value>
      <footprint>TestPoint:TestPoint_Pad_1.0x1.0mm</footprint>
      <libsource lib="Connector" part="TestPoint" description="test point"/>
      <property name="Sheetname" value=""/>
      <property name="Sheetfile" value="PowerSchematic.kicad_sch"/>
      <property name="ki_description" value="test point"/>
      <property name="ki_keywords" value="test point tp"/>
      <sheetpath names="/" tstamps="/"/>
      <tstamps>c5ff5d29-91a1-4f26-9290-e989ddc521f8</tstamps>
    </comp>
    <comp ref="TP13">
      <value>TestPoint</value>
      <footprint>TestPoint:TestPoint_Pad_1.0x1.0mm</footprint>
      <libsource lib="Connector" part="TestPoint" description="test point"/>
      <property name="Sheetname" value=""/>
      <property name="Sheetfile" value="PowerSchematic.kicad_sch"/>
      <property name="ki_description" value="test point"/>
      <property name="ki_keywords" value="test point tp"/>
      <sheetpath names="/" tstamps="/"/>
      <tstamps>b3889eae-7dee-45d1-a996-2ef25548f86d</tstamps>
    </comp>
    <comp ref="TP14">
      <value>TestPoint</value>
      <footprint>TestPoint:TestPoint_Pad_1.0x1.0mm</footprint>
      <libsource lib="Connector" part="TestPoint" description="test point"/>
      <property name="Sheetname" value=""/>
      <property name="Sheetfile" value="PowerSchematic.kicad_sch"/>
      <property name="ki_description" value="test point"/>
      <property name="ki_keywords" value="test point tp"/>
      <sheetpath names="/" tstamps="/"/>
      <tstamps>a4f0dceb-befb-4cfc-b6cb-fcb11fdf483d</tstamps>
    </comp>
    <comp ref="TP16">
      <value>TestPoint</value>
      <footprint>TestPoint:TestPoint_Pad_1.0x1.0mm</footprint>
      <libsource lib="Connector" part="TestPoint" description="test point"/>
      <property name="Sheetname" value=""/>
      <property name="Sheetfile" value="PowerSchematic.kicad_sch"/>
      <property name="ki_description" value="test point"/>
      <property name="ki_keywords" value="test point tp"/>
      <sheetpath names="/" tstamps="/"/>
      <tstamps>b2665083-4666-4d1e-b73c-213cfdda1d9a</tstamps>
    </comp>
    <comp ref="TP17">
      <value>TestPoint</value>
      <footprint>TestPoint:TestPoint_Pad_1.0x1.0mm</footprint>
      <libsource lib="Connector" part="TestPoint" description="test point"/>
      <property name="Sheetname" value=""/>
      <property name="Sheetfile" value="PowerSchematic.kicad_sch"/>
      <property name="ki_description" value="test point"/>
      <property name="ki_keywords" value="test point tp"/>
      <sheetpath names="/" tstamps="/"/>
      <tstamps>9fdfe654-c2db-4eb2-be20-27170b705b57</tstamps>
    </comp>
    <comp ref="U1">
      <value>DRV8833PWP</value>
      <footprint>Package_SO:HTSSOP-16-1EP_4.4x5mm_P0.65mm_EP3.4x5mm_Mask2.46x2.31mm_ThermalVias</footprint>
      <datasheet>http://www.ti.com/lit/ds/symlink/drv8833.pdf</datasheet>
      <libsource lib="Driver_Motor" part="DRV8833PWP" description="Dual H-Bridge Motor Driver, HTSSOP-16"/>
      <property name="Sheetname" value=""/>
      <property name="Sheetfile" value="PowerSchematic.kicad_sch"/>
      <property name="ki_description" value="Dual H-Bridge Motor Driver, HTSSOP-16"/>
      <property name="ki_keywords" value="H-bridge motor driver"/>
      <sheetpath names="/" tstamps="/"/>
      <tstamps>3b067717-2a54-4230-bdd0-1f40a0ba0e57</tstamps>
    </comp>
    <comp ref="U2">
      <value>TP4056</value>
      <footprint>Package_SO:SOIC-8-1EP_3.9x4.9mm_P1.27mm_EP2.29x3mm</footprint>
      <libsource lib="tp4056" part="TP4056" description="TP4056"/>
      <property name="Sheetname" value=""/>
      <property name="Sheetfile" value="PowerSchematic.kicad_sch"/>
      <property name="ki_description" value="TP4056"/>
      <sheetpath names="/" tstamps="/"/>
      <tstamps>edb3ef3c-abfa-4709-99ce-1a361e12959a</tstamps>
    </comp>
    <comp ref="U3">
      <value>AMS1117</value>
      <footprint>Package_TO_SOT_SMD:SOT-223-3_TabPin2</footprint>
      <datasheet>http://www.advanced-monolithic.com/pdf/ds1117.pdf</datasheet>
      <libsource lib="Regulator_Linear" part="AMS1117" description="1A Low Dropout regulator, positive, adjustable output, SOT-223"/>
      <property name="Sheetname" value=""/>
      <property name="Sheetfile" value="PowerSchematic.kicad_sch"/>
      <property name="ki_description" value="1A Low Dropout regulator, positive, adjustable output, SOT-223"/>
      <property name="ki_keywords" value="linear regulator ldo adjustable positive"/>
      <sheetpath names="/" tstamps="/"/>
      <tstamps>ce9fe88b-27b3-4b6d-920d-60bad013511d</tstamps>
    </comp>
    <comp ref="U4">
      <value>MP2315GJ</value>
      <footprint>Connector_PinHeader_2.54mm:PinHeader_2x04_P2.54mm_Horizontal</footprint>
      <fields>
        <field name="Availability">Not in stock</field>
        <field name="Check_prices">https://www.snapeda.com/parts/MP2315GJ/Monolithic+Power+Systems/view-part/?ref=eda</field>
        <field name="Description">
                        
                            Buck Switching Regulator IC Positive Adjustable 0.8V 1 Output 3A SOT-23-8 Thin, TSOT-23-8
                        
</field>
        <field name="MF">Monolithic Power Systems Inc.</field>
        <field name="MP">MP2315GJ</field>
        <field name="MPN">MP2315</field>
        <field name="Package">None</field>
        <field name="Price">None</field>
        <field name="SnapEDA_Link">https://www.snapeda.com/parts/MP2315GJ/Monolithic+Power+Systems/view-part/?ref=snap</field>
        <field name="VALUE">MP2315GJ</field>
      </fields>
      <libsource lib="MP2315GJ" part="MP2315GJ" description=""/>
      <property name="MF" value="Monolithic Power Systems Inc."/>
      <property name="Description" value="&#xA;                        &#xA;                            Buck Switching Regulator IC Positive Adjustable 0.8V 1 Output 3A SOT-23-8 Thin, TSOT-23-8&#xA;                        &#xA;"/>
      <property name="Package" value="None"/>
      <property name="MPN" value="MP2315"/>
      <property name="Price" value="None"/>
      <property name="VALUE" value="MP2315GJ"/>
      <property name="SnapEDA_Link" value="https://www.snapeda.com/parts/MP2315GJ/Monolithic+Power+Systems/view-part/?ref=snap"/>
      <property name="MP" value="MP2315GJ"/>
      <property name="Availability" value="Not in stock"/>
      <property name="Check_prices" value="https://www.snapeda.com/parts/MP2315GJ/Monolithic+Power+Systems/view-part/?ref=eda"/>
      <property name="Sheetname" value=""/>
      <property name="Sheetfile" value="PowerSchematic.kicad_sch"/>
      <sheetpath names="/" tstamps="/"/>
      <tstamps>a1a86cee-bc89-4008-852c-0d53ce1824b1</tstamps>
    </comp>
    <comp ref="U5">
      <value>DRV8833PWP</value>
      <footprint>Package_SO:HTSSOP-16-1EP_4.4x5mm_P0.65mm_EP3.4x5mm_Mask2.46x2.31mm_ThermalVias</footprint>
      <datasheet>http://www.ti.com/lit/ds/symlink/drv8833.pdf</datasheet>
      <libsource lib="Driver_Motor" part="DRV8833PWP" description="Dual H-Bridge Motor Driver, HTSSOP-16"/>
      <property name="Sheetname" value=""/>
      <property name="Sheetfile" value="PowerSchematic.kicad_sch"/>
      <property name="ki_description" value="Dual H-Bridge Motor Driver, HTSSOP-16"/>
      <property name="ki_keywords" value="H-bridge motor driver"/>
      <sheetpath names="/" tstamps="/"/>
      <tstamps>64a65145-bf67-49d6-858c-d2d679e599af</tstamps>
    </comp>
    <comp ref="U6">
      <value>INA219AxD</value>
      <footprint>Package_SO:SOIC-8_3.9x4.9mm_P1.27mm</footprint>
      <datasheet>http://www.ti.com/lit/ds/symlink/ina219.pdf</datasheet>
      <libsource lib="Sensor_Energy" part="INA219AxD" description="Zero-Drift, Bidirectional Current/Power Monitor (0-26V) With I2C Interface, SOIC-8"/>
      <property name="Sheetname" value=""/>
      <property name="Sheetfile" value="PowerSchematic.kicad_sch"/>
      <property name="ki_description" value="Zero-Drift, Bidirectional Current/Power Monitor (0-26V) With I2C Interface, SOIC-8"/>
      <property name="ki_keywords" value="ADC I2C 16-Bit Oversampling Current Shunt"/>
      <sheetpath names="/" tstamps="/"/>
      <tstamps>2406dec0-5a6b-4ee3-b985-7e6652b98fca</tstamps>
    </comp>
  </components>
  <libparts>
    <libpart lib="B6B-PH-K-S_LF__SN_" part="B6B-PH-K-S_LF__SN_">
      <fields>
        <field name="Reference">J</field>
        <field name="Value">B6B-PH-K-S_LF__SN_</field>
        <field name="Footprint">JST_B6B-PH-K-S_LF__SN_</field>
        <field name="MF">JST</field>
        <field name="MAXIMUM_PACKAGE_HEIGHT">6mm</field>
        <field name="Package">None</field>
        <field name="Price">None</field>
        <field name="Check_prices">https://www.snapeda.com/parts/B6B-PH-K-S%20(LF)(SN)/JST/view-part/?ref=eda</field>
        <field name="STANDARD">Manufacturer Recommendations</field>
        <field name="PARTREV">N/A</field>
        <field name="SnapEDA_Link">https://www.snapeda.com/parts/B6B-PH-K-S%20(LF)(SN)/JST/view-part/?ref=snap</field>
        <field name="MP">B6B-PH-K-S (LF)(SN)</field>
        <field name="Description">\n                        \n                            Socket; wire-board; male; PH; 2mm; PIN: 6; THT; 100V; 2A; -25÷85°C\n                        \n</field>
        <field name="Availability">In Stock</field>
        <field name="MANUFACTURER">JST Sales America Inc.</field>
      </fields>
      <pins>
        <pin num="1" name="1" type="passive"/>
        <pin num="2" name="2" type="passive"/>
        <pin num="3" name="3" type="passive"/>
        <pin num="4" name="4" type="passive"/>
        <pin num="5" name="5" type="passive"/>
        <pin num="6" name="6" type="passive"/>
      </pins>
    </libpart>
    <libpart lib="Connector" part="Conn_01x02_Pin">
      <description>Generic connector, single row, 01x02, script generated</description>
      <docs>~</docs>
      <footprints>
        <fp>Connector*:*_1x??_*</fp>
      </footprints>
      <fields>
        <field name="Reference">J</field>
        <field name="Value">Conn_01x02_Pin</field>
        <field name="Datasheet">~</field>
      </fields>
      <pins>
        <pin num="1" name="Pin_1" type="passive"/>
        <pin num="2" name="Pin_2" type="passive"/>
      </pins>
    </libpart>
    <libpart lib="Connector" part="TestPoint">
      <description>test point</description>
      <docs>~</docs>
      <footprints>
        <fp>Pin*</fp>
        <fp>Test*</fp>
      </footprints>
      <fields>
        <field name="Reference">TP</field>
        <field name="Value">TestPoint</field>
        <field name="Datasheet">~</field>
      </fields>
      <pins>
        <pin num="1" name="1" type="passive"/>
      </pins>
    </libpart>
    <libpart lib="Connector" part="USB_C_Receptacle">
      <description>USB Full-Featured Type-C Receptacle connector</description>
      <docs>https://www.usb.org/sites/default/files/documents/usb_type-c.zip</docs>
      <footprints>
        <fp>USB*C*Receptacle*</fp>
      </footprints>
      <fields>
        <field name="Reference">J</field>
        <field name="Value">USB_C_Receptacle</field>
        <field name="Datasheet">https://www.usb.org/sites/default/files/documents/usb_type-c.zip</field>
      </fields>
      <pins>
        <pin num="A1" name="GND" type="passive"/>
        <pin num="A2" name="TX1+" type="bidirectional"/>
        <pin num="A3" name="TX1-" type="bidirectional"/>
        <pin num="A4" name="VBUS" type="passive"/>
        <pin num="A5" name="CC1" type="bidirectional"/>
        <pin num="A6" name="D+" type="bidirectional"/>
        <pin num="A7" name="D-" type="bidirectional"/>
        <pin num="A8" name="SBU1" type="bidirectional"/>
        <pin num="A9" name="VBUS" type="passive"/>
        <pin num="A10" name="RX2-" type="bidirectional"/>
        <pin num="A11" name="RX2+" type="bidirectional"/>
        <pin num="A12" name="GND" type="passive"/>
        <pin num="B1" name="GND" type="passive"/>
        <pin num="B2" name="TX2+" type="bidirectional"/>
        <pin num="B3" name="TX2-" type="bidirectional"/>
        <pin num="B4" name="VBUS" type="passive"/>
        <pin num="B5" name="CC2" type="bidirectional"/>
        <pin num="B6" name="D+" type="bidirectional"/>
        <pin num="B7" name="D-" type="bidirectional"/>
        <pin num="B8" name="SBU2" type="bidirectional"/>
        <pin num="B9" name="VBUS" type="passive"/>
        <pin num="B10" name="RX1-" type="bidirectional"/>
        <pin num="B11" name="RX1+" type="bidirectional"/>
        <pin num="B12" name="GND" type="passive"/>
        <pin num="S1" name="SHIELD" type="passive"/>
      </pins>
    </libpart>
    <libpart lib="Connector_Generic" part="Conn_02x16_Odd_Even">
      <description>Generic connector, double row, 02x16, odd/even pin numbering scheme (row 1 odd numbers, row 2 even numbers), script generated (kicad-library-utils/schlib/autogen/connector/)</description>
      <docs>~</docs>
      <footprints>
        <fp>Connector*:*_2x??_*</fp>
      </footprints>
      <fields>
        <field name="Reference">J</field>
        <field name="Value">Conn_02x16_Odd_Even</field>
        <field name="Datasheet">~</field>
      </fields>
      <pins>
        <pin num="1" name="Pin_1" type="passive"/>
        <pin num="2" name="Pin_2" type="passive"/>
        <pin num="3" name="Pin_3" type="passive"/>
        <pin num="4" name="Pin_4" type="passive"/>
        <pin num="5" name="Pin_5" type="passive"/>
        <pin num="6" name="Pin_6" type="passive"/>
        <pin num="7" name="Pin_7" type="passive"/>
        <pin num="8" name="Pin_8" type="passive"/>
        <pin num="9" name="Pin_9" type="passive"/>
        <pin num="10" name="Pin_10" type="passive"/>
        <pin num="11" name="Pin_11" type="passive"/>
        <pin num="12" name="Pin_12" type="passive"/>
        <pin num="13" name="Pin_13" type="passive"/>
        <pin num="14" name="Pin_14" type="passive"/>
        <pin num="15" name="Pin_15" type="passive"/>
        <pin num="16" name="Pin_16" type="passive"/>
        <pin num="17" name="Pin_17" type="passive"/>
        <pin num="18" name="Pin_18" type="passive"/>
        <pin num="19" name="Pin_19" type="passive"/>
        <pin num="20" name="Pin_20" type="passive"/>
        <pin num="21" name="Pin_21" type="passive"/>
        <pin num="22" name="Pin_22" type="passive"/>
        <pin num="23" name="Pin_23" type="passive"/>
        <pin num="24" name="Pin_24" type="passive"/>
        <pin num="25" name="Pin_25" type="passive"/>
        <pin num="26" name="Pin_26" type="passive"/>
        <pin num="27" name="Pin_27" type="passive"/>
        <pin num="28" name="Pin_28" type="passive"/>
        <pin num="29" name="Pin_29" type="passive"/>
        <pin num="30" name="Pin_30" type="passive"/>
        <pin num="31" name="Pin_31" type="passive"/>
        <pin num="32" name="Pin_32" type="passive"/>
      </pins>
    </libpart>
    <libpart lib="Device" part="C">
      <description>Unpolarized capacitor</description>
      <docs>~</docs>
      <footprints>
        <fp>C_*</fp>
      </footprints>
      <fields>
        <field name="Reference">C</field>
        <field name="Value">C</field>
        <field name="Datasheet">~</field>
      </fields>
      <pins>
        <pin num="1" name="" type="passive"/>
        <pin num="2" name="" type="passive"/>
      </pins>
    </libpart>
    <libpart lib="Device" part="C_Polarized">
      <description>Polarized capacitor</description>
      <docs>~</docs>
      <footprints>
        <fp>CP_*</fp>
      </footprints>
      <fields>
        <field name="Reference">C</field>
        <field name="Value">C_Polarized</field>
        <field name="Datasheet">~</field>
      </fields>
      <pins>
        <pin num="1" name="" type="passive"/>
        <pin num="2" name="" type="passive"/>
      </pins>
    </libpart>
    <libpart lib="Device" part="C_Small">
      <description>Unpolarized capacitor, small symbol</description>
      <docs>~</docs>
      <footprints>
        <fp>C_*</fp>
      </footprints>
      <fields>
        <field name="Reference">C</field>
        <field name="Value">C_Small</field>
        <field name="Datasheet">~</field>
      </fields>
      <pins>
        <pin num="1" name="" type="passive"/>
        <pin num="2" name="" type="passive"/>
      </pins>
    </libpart>
    <libpart lib="Device" part="D_Schottky">
      <description>Schottky diode</description>
      <docs>~</docs>
      <footprints>
        <fp>TO-???*</fp>
        <fp>*_Diode_*</fp>
        <fp>*SingleDiode*</fp>
        <fp>D_*</fp>
      </footprints>
      <fields>
        <field name="Reference">D</field>
        <field name="Value">D_Schottky</field>
        <field name="Datasheet">~</field>
      </fields>
      <pins>
        <pin num="1" name="K" type="passive"/>
        <pin num="2" name="A" type="passive"/>
      </pins>
    </libpart>
    <libpart lib="Device" part="L">
      <description>Inductor</description>
      <docs>~</docs>
      <footprints>
        <fp>Choke_*</fp>
        <fp>*Coil*</fp>
        <fp>Inductor_*</fp>
        <fp>L_*</fp>
      </footprints>
      <fields>
        <field name="Reference">L</field>
        <field name="Value">L</field>
        <field name="Datasheet">~</field>
      </fields>
      <pins>
        <pin num="1" name="1" type="passive"/>
        <pin num="2" name="2" type="passive"/>
      </pins>
    </libpart>
    <libpart lib="Device" part="LED">
      <description>Light emitting diode</description>
      <docs>~</docs>
      <footprints>
        <fp>LED*</fp>
        <fp>LED_SMD:*</fp>
        <fp>LED_THT:*</fp>
      </footprints>
      <fields>
        <field name="Reference">D</field>
        <field name="Value">LED</field>
        <field name="Datasheet">~</field>
      </fields>
      <pins>
        <pin num="1" name="K" type="passive"/>
        <pin num="2" name="A" type="passive"/>
      </pins>
    </libpart>
    <libpart lib="Device" part="R_Shunt_US">
      <description>Shunt resistor, US symbol</description>
      <docs>~</docs>
      <footprints>
        <fp>R_*Shunt*</fp>
      </footprints>
      <fields>
        <field name="Reference">R</field>
        <field name="Value">R_Shunt_US</field>
        <field name="Datasheet">~</field>
      </fields>
      <pins>
        <pin num="1" name="1" type="passive"/>
        <pin num="2" name="2" type="passive"/>
        <pin num="3" name="3" type="passive"/>
        <pin num="4" name="4" type="passive"/>
      </pins>
    </libpart>
    <libpart lib="Device" part="R_Small_US">
      <description>Resistor, small US symbol</description>
      <docs>~</docs>
      <footprints>
        <fp>R_*</fp>
      </footprints>
      <fields>
        <field name="Reference">R</field>
        <field name="Value">R_Small_US</field>
        <field name="Datasheet">~</field>
      </fields>
      <pins>
        <pin num="1" name="" type="passive"/>
        <pin num="2" name="" type="passive"/>
      </pins>
    </libpart>
    <libpart lib="Driver_Motor" part="DRV8833PWP">
      <description>Dual H-Bridge Motor Driver, HTSSOP-16</description>
      <docs>http://www.ti.com/lit/ds/symlink/drv8833.pdf</docs>
      <footprints>
        <fp>HTSSOP-16-1EP*4.4x5mm*P0.65mm*</fp>
      </footprints>
      <fields>
        <field name="Reference">U</field>
        <field name="Value">DRV8833PWP</field>
        <field name="Footprint">Package_SO:HTSSOP-16-1EP_4.4x5mm_P0.65mm_EP3.4x5mm_Mask2.46x2.31mm_ThermalVias</field>
        <field name="Datasheet">http://www.ti.com/lit/ds/symlink/drv8833.pdf</field>
      </fields>
      <pins>
        <pin num="1" name="nSLEEP" type="input"/>
        <pin num="2" name="AOUT1" type="power_out"/>
        <pin num="3" name="AISEN" type="bidirectional"/>
        <pin num="4" name="AOUT2" type="power_out"/>
        <pin num="5" name="BOUT2" type="power_out"/>
        <pin num="6" name="BISEN" type="bidirectional"/>
        <pin num="7" name="BOUT1" type="power_out"/>
        <pin num="8" name="nFAULT" type="open_collector"/>
        <pin num="9" name="BIN1" type="input"/>
        <pin num="10" name="BIN2" type="input"/>
        <pin num="11" name="VCP" type="bidirectional"/>
        <pin num="12" name="VM" type="power_in"/>
        <pin num="13" name="GND" type="power_in"/>
        <pin num="14" name="VINT" type="power_in"/>
        <pin num="15" name="AIN2" type="input"/>
        <pin num="16" name="AIN1" type="input"/>
        <pin num="17" name="GND(PPAD)" type="power_in"/>
      </pins>
    </libpart>
    <libpart lib="Jumper" part="SolderJumper_2_Open">
      <description>Solder Jumper, 2-pole, open</description>
      <docs>~</docs>
      <footprints>
        <fp>SolderJumper*Open*</fp>
      </footprints>
      <fields>
        <field name="Reference">JP</field>
        <field name="Value">SolderJumper_2_Open</field>
        <field name="Datasheet">~</field>
      </fields>
      <pins>
        <pin num="1" name="A" type="passive"/>
        <pin num="2" name="B" type="passive"/>
      </pins>
    </libpart>
    <libpart lib="MP2315GJ" part="MP2315GJ">
      <fields>
        <field name="Reference">U</field>
        <field name="Value">MP2315GJ</field>
        <field name="Footprint">MP2315GJ:SOT-23-8</field>
        <field name="MF">Monolithic Power Systems Inc.</field>
        <field name="Description">
                        
                            Buck Switching Regulator IC Positive Adjustable 0.8V 1 Output 3A SOT-23-8 Thin, TSOT-23-8
                        
</field>
        <field name="Package">None</field>
        <field name="MPN">MP2315</field>
        <field name="Price">None</field>
        <field name="VALUE">MP2315GJ</field>
        <field name="SnapEDA_Link">https://www.snapeda.com/parts/MP2315GJ/Monolithic+Power+Systems/view-part/?ref=snap</field>
        <field name="MP">MP2315GJ</field>
        <field name="Availability">Not in stock</field>
        <field name="Check_prices">https://www.snapeda.com/parts/MP2315GJ/Monolithic+Power+Systems/view-part/?ref=eda</field>
      </fields>
      <pins>
        <pin num="1" name="AAM" type="bidirectional"/>
        <pin num="2" name="IN" type="bidirectional"/>
        <pin num="3" name="SW" type="bidirectional"/>
        <pin num="4" name="GND" type="bidirectional"/>
        <pin num="5" name="BST" type="bidirectional"/>
        <pin num="6" name="EN/SYNC" type="bidirectional"/>
        <pin num="7" name="VCC" type="bidirectional"/>
        <pin num="8" name="FB" type="bidirectional"/>
      </pins>
    </libpart>
    <libpart lib="Regulator_Linear" part="AMS1117">
      <description>1A Low Dropout regulator, positive, adjustable output, SOT-223</description>
      <docs>http://www.advanced-monolithic.com/pdf/ds1117.pdf</docs>
      <footprints>
        <fp>SOT?223*TabPin2*</fp>
      </footprints>
      <fields>
        <field name="Reference">U</field>
        <field name="Value">AMS1117</field>
        <field name="Footprint">Package_TO_SOT_SMD:SOT-223-3_TabPin2</field>
        <field name="Datasheet">http://www.advanced-monolithic.com/pdf/ds1117.pdf</field>
      </fields>
      <pins>
        <pin num="1" name="ADJ" type="input"/>
        <pin num="2" name="VO" type="power_out"/>
        <pin num="3" name="VI" type="power_in"/>
      </pins>
    </libpart>
    <libpart lib="Sensor_Energy" part="INA219AxD">
      <description>Zero-Drift, Bidirectional Current/Power Monitor (0-26V) With I2C Interface, SOIC-8</description>
      <docs>http://www.ti.com/lit/ds/symlink/ina219.pdf</docs>
      <footprints>
        <fp>SOIC*3.9x4.9mm*P1.27mm*</fp>
      </footprints>
      <fields>
        <field name="Reference">U</field>
        <field name="Value">INA219AxD</field>
        <field name="Footprint">Package_SO:SOIC-8_3.9x4.9mm_P1.27mm</field>
        <field name="Datasheet">http://www.ti.com/lit/ds/symlink/ina219.pdf</field>
      </fields>
      <pins>
        <pin num="1" name="A1" type="input"/>
        <pin num="2" name="A0" type="input"/>
        <pin num="3" name="SDA" type="bidirectional"/>
        <pin num="4" name="SCL" type="input"/>
        <pin num="5" name="VS" type="power_in"/>
        <pin num="6" name="GND" type="power_in"/>
        <pin num="7" name="IN-" type="input"/>
        <pin num="8" name="IN+" type="input"/>
      </pins>
    </libpart>
    <libpart lib="Switch" part="SW_Push">
      <description>Push button switch, generic, two pins</description>
      <docs>~</docs>
      <fields>
        <field name="Reference">SW</field>
        <field name="Value">SW_Push</field>
        <field name="Datasheet">~</field>
      </fields>
      <pins>
        <pin num="1" name="1" type="passive"/>
        <pin num="2" name="2" type="passive"/>
      </pins>
    </libpart>
    <libpart lib="Transistor_FET" part="IRLML6402">
      <description>-3.7A Id, -20V Vds, 65mOhm Rds, P-Channel HEXFET Power MOSFET, SOT-23</description>
      <docs>https://www.infineon.com/dgdl/irlml6402pbf.pdf?fileId=5546d462533600a401535668d5c2263c</docs>
      <footprints>
        <fp>SOT?23*</fp>
      </footprints>
      <fields>
        <field name="Reference">Q</field>
        <field name="Value">IRLML6402</field>
        <field name="Footprint">Package_TO_SOT_SMD:SOT-23</field>
        <field name="Datasheet">https://www.infineon.com/dgdl/irlml6402pbf.pdf?fileId=5546d462533600a401535668d5c2263c</field>
      </fields>
      <pins>
        <pin num="1" name="G" type="input"/>
        <pin num="2" name="S" type="passive"/>
        <pin num="3" name="D" type="passive"/>
      </pins>
    </libpart>
    <libpart lib="tp4056" part="TP4056">
      <description>TP4056</description>
      <fields>
        <field name="Reference">U</field>
        <field name="Value">TP4056</field>
        <field name="Footprint">Package_SO:SOIC-8-1EP_3.9x4.9mm_P1.27mm_EP2.29x3mm</field>
      </fields>
      <pins>
        <pin num="1" name="TEMP" type="input"/>
        <pin num="2" name="PROG" type="input"/>
        <pin num="3" name="GND" type="input"/>
        <pin num="4" name="VCC" type="input"/>
        <pin num="5" name="BAT" type="input"/>
        <pin num="6" name="~{STDBY}" type="input"/>
        <pin num="7" name="~{CHRG}" type="input"/>
        <pin num="8" name="CE" type="input"/>
        <pin num="9" name="PP" type="input"/>
      </pins>
    </libpart>
  </libparts>
  <libraries>
    <library logical="B6B-PH-K-S_LF__SN_">
      <uri>C:/Users/sodoz/Downloads/B6B-PH-K-S_LF__SN_/B6B-PH-K-S_LF__SN_.lib</uri>
    </library>
    <library logical="Connector">
      <uri>C:\Program Files\KiCad\7.0\share\kicad\symbols\/Connector.kicad_sym</uri>
    </library>
    <library logical="Connector_Generic">
      <uri>C:\Program Files\KiCad\7.0\share\kicad\symbols\/Connector_Generic.kicad_sym</uri>
    </library>
    <library logical="Device">
      <uri>C:\Program Files\KiCad\7.0\share\kicad\symbols\/Device.kicad_sym</uri>
    </library>
    <library logical="Driver_Motor">
      <uri>C:\Program Files\KiCad\7.0\share\kicad\symbols\/Driver_Motor.kicad_sym</uri>
    </library>
    <library logical="Jumper">
      <uri>C:\Program Files\KiCad\7.0\share\kicad\symbols\/Jumper.kicad_sym</uri>
    </library>
    <library logical="MP2315GJ">
      <uri>C:/Users/sodoz/Downloads/MP2315GJ/MP2315GJ.kicad_sym</uri>
    </library>
    <library logical="Regulator_Linear">
      <uri>C:\Program Files\KiCad\7.0\share\kicad\symbols\/Regulator_Linear.kicad_sym</uri>
    </library>
    <library logical="Sensor_Energy">
      <uri>C:\Program Files\KiCad\7.0\share\kicad\symbols\/Sensor_Energy.kicad_sym</uri>
    </library>
    <library logical="Switch">
      <uri>C:\Program Files\KiCad\7.0\share\kicad\symbols\/Switch.kicad_sym</uri>
    </library>
    <library logical="Transistor_FET">
      <uri>C:\Program Files\KiCad\7.0\share\kicad\symbols\/Transistor_FET.kicad_sym</uri>
    </library>
  </libraries>
  <nets>
    <net code="1" name="3V3">
      <node ref="C8" pin="1" pintype="passive"/>
      <node ref="J4" pin="18" pinfunction="Pin_18" pintype="passive"/>
      <node ref="TP13" pin="1" pinfunction="1" pintype="passive"/>
      <node ref="TP14" pin="1" pinfunction="1" pintype="passive"/>
      <node ref="U3" pin="2" pinfunction="VO" pintype="power_out"/>
    </net>
    <net code="2" name="5V">
      <node ref="C7" pin="1" pintype="passive"/>
      <node ref="L1" pin="1" pinfunction="1" pintype="passive"/>
      <node ref="Q1" pin="1" pinfunction="G" pintype="input"/>
      <node ref="Q2" pin="3" pinfunction="D" pintype="passive"/>
      <node ref="Q3" pin="3" pinfunction="D" pintype="passive"/>
      <node ref="R10" pin="1" pintype="passive"/>
      <node ref="R17" pin="2" pintype="passive"/>
      <node ref="R21" pin="1" pintype="passive"/>
      <node ref="R23" pin="1" pintype="passive"/>
      <node ref="R25" pin="1" pintype="passive"/>
      <node ref="R26" pin="2" pintype="passive"/>
      <node ref="TP12" pin="1" pinfunction="1" pintype="passive"/>
      <node ref="TP16" pin="1" pinfunction="1" pintype="passive"/>
      <node ref="TP17" pin="1" pinfunction="1" pintype="passive"/>
      <node ref="U3" pin="3" pinfunction="VI" pintype="power_in"/>
      <node ref="U4" pin="6" pinfunction="EN/SYNC" pintype="bidirectional"/>
    </net>
    <net code="3" name="5V ">
      <node ref="J4" pin="20" pinfunction="Pin_20" pintype="passive"/>
    </net>
    <net code="4" name="9V">
      <node ref="C14" pin="1" pintype="passive"/>
      <node ref="J1" pin="A4" pinfunction="VBUS" pintype="passive"/>
      <node ref="J1" pin="A9" pinfunction="VBUS" pintype="passive"/>
      <node ref="J1" pin="B4" pinfunction="VBUS" pintype="passive"/>
      <node ref="J1" pin="B9" pinfunction="VBUS" pintype="passive"/>
      <node ref="J4" pin="22" pinfunction="Pin_22" pintype="passive"/>
      <node ref="JP6" pin="1" pinfunction="A" pintype="passive"/>
      <node ref="JP7" pin="1" pinfunction="A" pintype="passive"/>
      <node ref="R22" pin="3" pinfunction="3" pintype="passive"/>
      <node ref="R4" pin="2" pintype="passive"/>
      <node ref="U4" pin="2" pinfunction="IN" pintype="bidirectional"/>
      <node ref="U6" pin="5" pinfunction="VS" pintype="power_in"/>
    </net>
    <net code="5" name="BATT+">
      <node ref="R1" pin="1" pintype="passive"/>
    </net>
    <net code="6" name="BATT_ADC">
      <node ref="JP2" pin="2" pinfunction="B" pintype="passive"/>
    </net>
    <net code="7" name="Battery ">
      <node ref="C1" pin="2" pintype="passive"/>
      <node ref="C10" pin="2" pintype="passive"/>
      <node ref="C11" pin="2" pintype="passive"/>
      <node ref="C12" pin="2" pintype="passive"/>
      <node ref="C13" pin="2" pintype="passive"/>
      <node ref="C14" pin="2" pintype="passive"/>
      <node ref="C2" pin="2" pintype="passive"/>
      <node ref="C3" pin="2" pintype="passive"/>
      <node ref="C4" pin="2" pintype="passive"/>
      <node ref="C5" pin="2" pintype="passive"/>
      <node ref="C6" pin="2" pintype="passive"/>
      <node ref="C7" pin="2" pintype="passive"/>
      <node ref="C8" pin="2" pintype="passive"/>
      <node ref="D9" pin="2" pinfunction="A" pintype="passive"/>
      <node ref="J1" pin="A1" pinfunction="GND" pintype="passive"/>
      <node ref="J1" pin="A12" pinfunction="GND" pintype="passive"/>
      <node ref="J1" pin="B1" pinfunction="GND" pintype="passive"/>
      <node ref="J1" pin="B12" pinfunction="GND" pintype="passive"/>
      <node ref="J2" pin="1" pinfunction="Pin_1" pintype="passive"/>
      <node ref="J2" pin="2" pinfunction="Pin_2" pintype="passive"/>
      <node ref="J3" pin="1" pinfunction="Pin_1" pintype="passive"/>
      <node ref="J4" pin="14" pinfunction="Pin_14" pintype="passive"/>
      <node ref="J4" pin="19" pinfunction="Pin_19" pintype="passive"/>
      <node ref="J4" pin="23" pinfunction="Pin_23" pintype="passive"/>
      <node ref="J7" pin="1" pinfunction="Pin_1" pintype="passive"/>
      <node ref="JP8" pin="1" pinfunction="A" pintype="passive"/>
      <node ref="JP9" pin="1" pinfunction="A" pintype="passive"/>
      <node ref="Q1" pin="2" pinfunction="S" pintype="passive"/>
      <node ref="R11" pin="2" pintype="passive"/>
      <node ref="R13" pin="2" pintype="passive"/>
      <node ref="R14" pin="2" pintype="passive"/>
      <node ref="R15" pin="2" pintype="passive"/>
      <node ref="R16" pin="2" pintype="passive"/>
      <node ref="R18" pin="2" pintype="passive"/>
      <node ref="R19" pin="2" pintype="passive"/>
      <node ref="R21" pin="2" pintype="passive"/>
      <node ref="R22" pin="2" pinfunction="2" pintype="passive"/>
      <node ref="R24" pin="1" pintype="passive"/>
      <node ref="R27" pin="1" pintype="passive"/>
      <node ref="R3" pin="2" pintype="passive"/>
      <node ref="R7" pin="2" pintype="passive"/>
      <node ref="R8" pin="2" pintype="passive"/>
      <node ref="R9" pin="2" pintype="passive"/>
      <node ref="SW1" pin="1" pinfunction="1" pintype="passive"/>
      <node ref="SW1" pin="2" pinfunction="2" pintype="passive"/>
      <node ref="TP5" pin="1" pinfunction="1" pintype="passive"/>
      <node ref="U1" pin="13" pinfunction="GND" pintype="power_in"/>
      <node ref="U1" pin="17" pinfunction="GND(PPAD)" pintype="power_in"/>
      <node ref="U2" pin="1" pinfunction="TEMP" pintype="input"/>
      <node ref="U2" pin="3" pinfunction="GND" pintype="input"/>
      <node ref="U3" pin="1" pinfunction="ADJ" pintype="input"/>
      <node ref="U4" pin="4" pinfunction="GND" pintype="bidirectional"/>
      <node ref="U5" pin="13" pinfunction="GND" pintype="power_in"/>
      <node ref="U5" pin="17" pinfunction="GND(PPAD)" pintype="power_in"/>
      <node ref="U6" pin="6" pinfunction="GND" pintype="power_in"/>
    </net>
    <net code="8" name="EXT_LOAD1_OUT ">
      <node ref="J4" pin="21" pinfunction="Pin_21" pintype="passive"/>
    </net>
    <net code="9" name="EXT_LOAD2_OUT">
      <node ref="J4" pin="11" pinfunction="Pin_11" pintype="passive"/>
    </net>
    <net code="10" name="Motor1_A">
      <node ref="J4" pin="32" pinfunction="Pin_32" pintype="passive"/>
      <node ref="TP2" pin="1" pinfunction="1" pintype="passive"/>
      <node ref="U5" pin="2" pinfunction="AOUT1" pintype="power_out"/>
    </net>
    <net code="11" name="Motor1_B">
      <node ref="J4" pin="31" pinfunction="Pin_31" pintype="passive"/>
      <node ref="TP9" pin="1" pinfunction="1" pintype="passive"/>
      <node ref="U5" pin="4" pinfunction="AOUT2" pintype="power_out"/>
    </net>
    <net code="12" name="Motor2_A">
      <node ref="J4" pin="2" pinfunction="Pin_2" pintype="passive"/>
      <node ref="TP10" pin="1" pinfunction="1" pintype="passive"/>
      <node ref="U5" pin="7" pinfunction="BOUT1" pintype="power_out"/>
    </net>
    <net code="13" name="Motor2_B">
      <node ref="J4" pin="1" pinfunction="Pin_1" pintype="passive"/>
      <node ref="TP11" pin="1" pinfunction="1" pintype="passive"/>
      <node ref="U5" pin="5" pinfunction="BOUT2" pintype="power_out"/>
    </net>
    <net code="14" name="Motor3_A">
      <node ref="J4" pin="27" pinfunction="Pin_27" pintype="passive"/>
      <node ref="TP1" pin="1" pinfunction="1" pintype="passive"/>
      <node ref="U1" pin="2" pinfunction="AOUT1" pintype="power_out"/>
    </net>
    <net code="15" name="Motor3_B">
      <node ref="J4" pin="29" pinfunction="Pin_29" pintype="passive"/>
      <node ref="TP3" pin="1" pinfunction="1" pintype="passive"/>
      <node ref="U1" pin="4" pinfunction="AOUT2" pintype="power_out"/>
    </net>
    <net code="16" name="Motor4_A">
      <node ref="J4" pin="3" pinfunction="Pin_3" pintype="passive"/>
      <node ref="TP4" pin="1" pinfunction="1" pintype="passive"/>
      <node ref="U1" pin="7" pinfunction="BOUT1" pintype="power_out"/>
    </net>
    <net code="17" name="Motor4_B">
      <node ref="J4" pin="5" pinfunction="Pin_5" pintype="passive"/>
      <node ref="TP6" pin="1" pinfunction="1" pintype="passive"/>
      <node ref="U1" pin="5" pinfunction="BOUT2" pintype="power_out"/>
    </net>
    <net code="18" name="Net-(C1-Pad1)">
      <node ref="C1" pin="1" pintype="passive"/>
      <node ref="R12" pin="2" pintype="passive"/>
    </net>
    <net code="19" name="Net-(D9-K)">
      <node ref="C9" pin="1" pintype="passive"/>
      <node ref="D9" pin="1" pinfunction="K" pintype="passive"/>
      <node ref="L1" pin="2" pinfunction="2" pintype="passive"/>
      <node ref="U4" pin="3" pinfunction="SW" pintype="bidirectional"/>
    </net>
    <net code="20" name="Net-(GREEN1-A)">
      <node ref="C3" pin="1" pintype="passive"/>
      <node ref="GREEN1" pin="2" pinfunction="A" pintype="passive"/>
      <node ref="R4" pin="1" pintype="passive"/>
      <node ref="RED1" pin="2" pinfunction="A" pintype="passive"/>
      <node ref="TP8" pin="1" pinfunction="1" pintype="passive"/>
      <node ref="U2" pin="4" pinfunction="VCC" pintype="input"/>
      <node ref="U2" pin="8" pinfunction="CE" pintype="input"/>
    </net>
    <net code="21" name="Net-(GREEN1-K)">
      <node ref="GREEN1" pin="1" pinfunction="K" pintype="passive"/>
      <node ref="R6" pin="2" pintype="passive"/>
    </net>
    <net code="22" name="Net-(J1-CC1)">
      <node ref="J1" pin="A5" pinfunction="CC1" pintype="bidirectional"/>
      <node ref="R13" pin="1" pintype="passive"/>
    </net>
    <net code="23" name="Net-(J1-CC2)">
      <node ref="J1" pin="B5" pinfunction="CC2" pintype="bidirectional"/>
      <node ref="R14" pin="1" pintype="passive"/>
    </net>
    <net code="24" name="Net-(J1-SHIELD)">
      <node ref="J1" pin="S1" pinfunction="SHIELD" pintype="passive"/>
      <node ref="R12" pin="1" pintype="passive"/>
    </net>
    <net code="25" name="Net-(J7-Pin_2)">
      <node ref="C4" pin="1" pintype="passive"/>
      <node ref="J7" pin="2" pinfunction="Pin_2" pintype="passive"/>
      <node ref="U2" pin="5" pinfunction="BAT" pintype="input"/>
    </net>
    <net code="26" name="Net-(JP1-A)">
      <node ref="JP1" pin="1" pinfunction="A" pintype="passive"/>
      <node ref="R8" pin="1" pintype="passive"/>
    </net>
    <net code="27" name="Net-(JP1-B)">
      <node ref="JP1" pin="2" pinfunction="B" pintype="passive"/>
      <node ref="U1" pin="6" pinfunction="BISEN" pintype="bidirectional"/>
    </net>
    <net code="28" name="Net-(JP2-A)">
      <node ref="JP2" pin="1" pinfunction="A" pintype="passive"/>
      <node ref="R1" pin="2" pintype="passive"/>
      <node ref="R2" pin="1" pintype="passive"/>
    </net>
    <net code="29" name="Net-(JP3-A)">
      <node ref="JP3" pin="1" pinfunction="A" pintype="passive"/>
      <node ref="R7" pin="1" pintype="passive"/>
    </net>
    <net code="30" name="Net-(JP3-B)">
      <node ref="JP3" pin="2" pinfunction="B" pintype="passive"/>
      <node ref="U1" pin="3" pinfunction="AISEN" pintype="bidirectional"/>
    </net>
    <net code="31" name="Net-(JP4-A)">
      <node ref="JP4" pin="1" pinfunction="A" pintype="passive"/>
      <node ref="R18" pin="1" pintype="passive"/>
    </net>
    <net code="32" name="Net-(JP4-B)">
      <node ref="JP4" pin="2" pinfunction="B" pintype="passive"/>
      <node ref="U5" pin="3" pinfunction="AISEN" pintype="bidirectional"/>
    </net>
    <net code="33" name="Net-(JP5-A)">
      <node ref="JP5" pin="1" pinfunction="A" pintype="passive"/>
      <node ref="R19" pin="1" pintype="passive"/>
    </net>
    <net code="34" name="Net-(JP5-B)">
      <node ref="JP5" pin="2" pinfunction="B" pintype="passive"/>
      <node ref="U5" pin="6" pinfunction="BISEN" pintype="bidirectional"/>
    </net>
    <net code="35" name="Net-(JP6-B)">
      <node ref="JP6" pin="2" pinfunction="B" pintype="passive"/>
      <node ref="U6" pin="2" pinfunction="A0" pintype="input"/>
    </net>
    <net code="36" name="Net-(JP7-B)">
      <node ref="JP7" pin="2" pinfunction="B" pintype="passive"/>
      <node ref="R16" pin="1" pintype="passive"/>
      <node ref="U6" pin="1" pinfunction="A1" pintype="input"/>
    </net>
    <net code="37" name="Net-(JP8-B)">
      <node ref="JP8" pin="2" pinfunction="B" pintype="passive"/>
      <node ref="Q3" pin="2" pinfunction="S" pintype="passive"/>
      <node ref="R24" pin="2" pintype="passive"/>
    </net>
    <net code="38" name="Net-(JP9-B)">
      <node ref="JP9" pin="2" pinfunction="B" pintype="passive"/>
      <node ref="Q2" pin="2" pinfunction="S" pintype="passive"/>
      <node ref="R27" pin="2" pintype="passive"/>
    </net>
    <net code="39" name="Net-(Q1-D)">
      <node ref="Q1" pin="3" pinfunction="D" pintype="passive"/>
      <node ref="R20" pin="1" pintype="passive"/>
    </net>
    <net code="40" name="Net-(Q2-G)">
      <node ref="Q2" pin="1" pinfunction="G" pintype="input"/>
      <node ref="R25" pin="2" pintype="passive"/>
      <node ref="R26" pin="1" pintype="passive"/>
    </net>
    <net code="41" name="Net-(Q3-G)">
      <node ref="Q3" pin="1" pinfunction="G" pintype="input"/>
      <node ref="R17" pin="1" pintype="passive"/>
      <node ref="R23" pin="2" pintype="passive"/>
    </net>
    <net code="42" name="Net-(R2-Pad2)">
      <node ref="R2" pin="2" pintype="passive"/>
      <node ref="R9" pin="1" pintype="passive"/>
    </net>
    <net code="43" name="Net-(RED1-K)">
      <node ref="R5" pin="2" pintype="passive"/>
      <node ref="RED1" pin="1" pinfunction="K" pintype="passive"/>
    </net>
    <net code="44" name="Net-(U1-VINT)">
      <node ref="C2" pin="1" pintype="passive"/>
      <node ref="U1" pin="14" pinfunction="VINT" pintype="power_in"/>
    </net>
    <net code="45" name="Net-(U2-PROG)">
      <node ref="R20" pin="2" pintype="passive"/>
      <node ref="R3" pin="1" pintype="passive"/>
      <node ref="U2" pin="2" pinfunction="PROG" pintype="input"/>
    </net>
    <net code="46" name="Net-(U2-~{CHRG})">
      <node ref="R5" pin="1" pintype="passive"/>
      <node ref="U2" pin="7" pinfunction="~{CHRG}" pintype="input"/>
    </net>
    <net code="47" name="Net-(U2-~{STDBY})">
      <node ref="R6" pin="1" pintype="passive"/>
      <node ref="U2" pin="6" pinfunction="~{STDBY}" pintype="input"/>
    </net>
    <net code="48" name="Net-(U4-AAM)">
      <node ref="R15" pin="1" pintype="passive"/>
      <node ref="U4" pin="1" pinfunction="AAM" pintype="bidirectional"/>
    </net>
    <net code="49" name="Net-(U4-BST)">
      <node ref="C9" pin="2" pintype="passive"/>
      <node ref="U4" pin="5" pinfunction="BST" pintype="bidirectional"/>
    </net>
    <net code="50" name="Net-(U4-FB)">
      <node ref="R10" pin="2" pintype="passive"/>
      <node ref="R11" pin="1" pintype="passive"/>
      <node ref="U4" pin="8" pinfunction="FB" pintype="bidirectional"/>
    </net>
    <net code="51" name="Net-(U4-VCC)">
      <node ref="C10" pin="1" pintype="passive"/>
      <node ref="U4" pin="7" pinfunction="VCC" pintype="bidirectional"/>
    </net>
    <net code="52" name="Net-(U5-VINT)">
      <node ref="C12" pin="1" pintype="passive"/>
      <node ref="U5" pin="14" pinfunction="VINT" pintype="power_in"/>
    </net>
    <net code="53" name="Net-(U6-IN+)">
      <node ref="R22" pin="4" pinfunction="4" pintype="passive"/>
      <node ref="U6" pin="8" pinfunction="IN+" pintype="input"/>
    </net>
    <net code="54" name="Net-(U6-IN-)">
      <node ref="R22" pin="1" pinfunction="1" pintype="passive"/>
      <node ref="U6" pin="7" pinfunction="IN-" pintype="input"/>
    </net>
    <net code="55" name="PB4">
      <node ref="J4" pin="13" pinfunction="Pin_13" pintype="passive"/>
    </net>
    <net code="56" name="PB8">
      <node ref="J4" pin="16" pinfunction="Pin_16" pintype="passive"/>
      <node ref="U6" pin="4" pinfunction="SCL" pintype="input"/>
    </net>
    <net code="57" name="PB9">
      <node ref="J4" pin="17" pinfunction="Pin_17" pintype="passive"/>
      <node ref="U6" pin="3" pinfunction="SDA" pintype="bidirectional"/>
    </net>
    <net code="58" name="PC6">
      <node ref="J4" pin="24" pinfunction="Pin_24" pintype="passive"/>
      <node ref="U1" pin="16" pinfunction="AIN1" pintype="input"/>
      <node ref="U5" pin="16" pinfunction="AIN1" pintype="input"/>
    </net>
    <net code="59" name="PC7">
      <node ref="J4" pin="26" pinfunction="Pin_26" pintype="passive"/>
      <node ref="U1" pin="15" pinfunction="AIN2" pintype="input"/>
      <node ref="U5" pin="15" pinfunction="AIN2" pintype="input"/>
    </net>
    <net code="60" name="PC8">
      <node ref="J4" pin="28" pinfunction="Pin_28" pintype="passive"/>
      <node ref="U1" pin="9" pinfunction="BIN1" pintype="input"/>
      <node ref="U5" pin="9" pinfunction="BIN1" pintype="input"/>
    </net>
    <net code="61" name="PC9">
      <node ref="J4" pin="30" pinfunction="Pin_30" pintype="passive"/>
      <node ref="U1" pin="10" pinfunction="BIN2" pintype="input"/>
      <node ref="U5" pin="10" pinfunction="BIN2" pintype="input"/>
    </net>
    <net code="62" name="PD2">
      <node ref="J4" pin="7" pinfunction="Pin_7" pintype="passive"/>
    </net>
    <net code="63" name="PD5">
      <node ref="J4" pin="12" pinfunction="Pin_12" pintype="passive"/>
    </net>
    <net code="64" name="PD6">
      <node ref="J4" pin="9" pinfunction="Pin_9" pintype="passive"/>
    </net>
    <net code="65" name="PD7">
      <node ref="J4" pin="15" pinfunction="Pin_15" pintype="passive"/>
    </net>
    <net code="66" name="PD11">
      <node ref="J4" pin="25" pinfunction="Pin_25" pintype="passive"/>
    </net>
    <net code="67" name="PD12">
      <node ref="J4" pin="4" pinfunction="Pin_4" pintype="passive"/>
    </net>
    <net code="68" name="PD13">
      <node ref="J4" pin="6" pinfunction="Pin_6" pintype="passive"/>
    </net>
    <net code="69" name="PD14">
      <node ref="J4" pin="8" pinfunction="Pin_8" pintype="passive"/>
    </net>
    <net code="70" name="PD15">
      <node ref="J4" pin="10" pinfunction="Pin_10" pintype="passive"/>
    </net>
    <net code="71" name="VM">
      <node ref="C11" pin="1" pintype="passive"/>
      <node ref="C13" pin="1" pintype="passive"/>
      <node ref="C5" pin="1" pintype="passive"/>
      <node ref="C6" pin="1" pintype="passive"/>
      <node ref="J3" pin="2" pinfunction="Pin_2" pintype="passive"/>
      <node ref="TP7" pin="1" pinfunction="1" pintype="passive"/>
      <node ref="U1" pin="11" pinfunction="VCP" pintype="bidirectional"/>
      <node ref="U1" pin="12" pinfunction="VM" pintype="power_in"/>
      <node ref="U5" pin="11" pinfunction="VCP" pintype="bidirectional"/>
      <node ref="U5" pin="12" pinfunction="VM" pintype="power_in"/>
    </net>
    <net code="72" name="unconnected-(J1-D+-PadA6)">
      <node ref="J1" pin="A6" pinfunction="D+" pintype="bidirectional+no_connect"/>
    </net>
    <net code="73" name="unconnected-(J1-D+-PadB6)">
      <node ref="J1" pin="B6" pinfunction="D+" pintype="bidirectional+no_connect"/>
    </net>
    <net code="74" name="unconnected-(J1-D--PadA7)">
      <node ref="J1" pin="A7" pinfunction="D-" pintype="bidirectional+no_connect"/>
    </net>
    <net code="75" name="unconnected-(J1-D--PadB7)">
      <node ref="J1" pin="B7" pinfunction="D-" pintype="bidirectional+no_connect"/>
    </net>
    <net code="76" name="unconnected-(J1-RX1+-PadB11)">
      <node ref="J1" pin="B11" pinfunction="RX1+" pintype="bidirectional+no_connect"/>
    </net>
    <net code="77" name="unconnected-(J1-RX1--PadB10)">
      <node ref="J1" pin="B10" pinfunction="RX1-" pintype="bidirectional+no_connect"/>
    </net>
    <net code="78" name="unconnected-(J1-RX2+-PadA11)">
      <node ref="J1" pin="A11" pinfunction="RX2+" pintype="bidirectional+no_connect"/>
    </net>
    <net code="79" name="unconnected-(J1-RX2--PadA10)">
      <node ref="J1" pin="A10" pinfunction="RX2-" pintype="bidirectional+no_connect"/>
    </net>
    <net code="80" name="unconnected-(J1-SBU1-PadA8)">
      <node ref="J1" pin="A8" pinfunction="SBU1" pintype="bidirectional+no_connect"/>
    </net>
    <net code="81" name="unconnected-(J1-SBU2-PadB8)">
      <node ref="J1" pin="B8" pinfunction="SBU2" pintype="bidirectional+no_connect"/>
    </net>
    <net code="82" name="unconnected-(J1-TX1+-PadA2)">
      <node ref="J1" pin="A2" pinfunction="TX1+" pintype="bidirectional+no_connect"/>
    </net>
    <net code="83" name="unconnected-(J1-TX1--PadA3)">
      <node ref="J1" pin="A3" pinfunction="TX1-" pintype="bidirectional+no_connect"/>
    </net>
    <net code="84" name="unconnected-(J1-TX2+-PadB2)">
      <node ref="J1" pin="B2" pinfunction="TX2+" pintype="bidirectional+no_connect"/>
    </net>
    <net code="85" name="unconnected-(J1-TX2--PadB3)">
      <node ref="J1" pin="B3" pinfunction="TX2-" pintype="bidirectional+no_connect"/>
    </net>
    <net code="86" name="unconnected-(J5-Pad1)">
      <node ref="J5" pin="1" pinfunction="1" pintype="passive"/>
    </net>
    <net code="87" name="unconnected-(J5-Pad2)">
      <node ref="J5" pin="2" pinfunction="2" pintype="passive"/>
    </net>
    <net code="88" name="unconnected-(J5-Pad3)">
      <node ref="J5" pin="3" pinfunction="3" pintype="passive"/>
    </net>
    <net code="89" name="unconnected-(J5-Pad4)">
      <node ref="J5" pin="4" pinfunction="4" pintype="passive"/>
    </net>
    <net code="90" name="unconnected-(J5-Pad5)">
      <node ref="J5" pin="5" pinfunction="5" pintype="passive"/>
    </net>
    <net code="91" name="unconnected-(J5-Pad6)">
      <node ref="J5" pin="6" pinfunction="6" pintype="passive"/>
    </net>
    <net code="92" name="unconnected-(U1-nFAULT-Pad8)">
      <node ref="U1" pin="8" pinfunction="nFAULT" pintype="open_collector+no_connect"/>
    </net>
    <net code="93" name="unconnected-(U1-nSLEEP-Pad1)">
      <node ref="U1" pin="1" pinfunction="nSLEEP" pintype="input+no_connect"/>
    </net>
    <net code="94" name="unconnected-(U2-PP-Pad9)">
      <node ref="U2" pin="9" pinfunction="PP" pintype="input+no_connect"/>
    </net>
    <net code="95" name="unconnected-(U5-nFAULT-Pad8)">
      <node ref="U5" pin="8" pinfunction="nFAULT" pintype="open_collector+no_connect"/>
    </net>
    <net code="96" name="unconnected-(U5-nSLEEP-Pad1)">
      <node ref="U5" pin="1" pinfunction="nSLEEP" pintype="input+no_connect"/>
    </net>
  </nets>
</export>
